"Data","Hora","Chuva Último dado"," Chuva Acumulada 1H"," Chuva Acumulada 4H"," Chuva Acumulada 24H"," Chuva Acumulada 96H"," Chuva Acumulada 30D"," Último Nível"
"13/02/2025","00:15","0.0","0.0","0.0","0.0","0.0","0.0","1.14"
"13/02/2025","00:00","0.0","0.0","0.0","0.0","0.0","0.0","1.13"
"12/02/2025","23:45","0.0","0.0","0.0","0.0","0.0","0.0","1.12"
"12/02/2025","23:30","0.0","0.0","0.0","0.0","0.0","0.0","1.11"
"12/02/2025","23:15","0.0","0.0","0.0","0.0","0.0","0.0","1.1"
"12/02/2025","23:00","0.0","0.0","0.0","0.0","0.0","0.0","1.1"
"12/02/2025","22:45","0.0","0.0","0.0","0.0","0.0","0.0","1.09"
"12/02/2025","22:30","0.0","0.0","0.0","0.0","0.0","0.0","1.09"
"12/02/2025","22:15","0.0","0.0","0.0","0.0","0.0","0.0","1.1"
"12/02/2025","22:00","0.0","0.0","0.0","0.0","0.0","0.0","1.1"
"12/02/2025","21:45","0.0","0.0","0.0","0.0","0.0","0.0","1.11"
"12/02/2025","21:30","0.0","0.0","0.0","0.0","0.0","0.0","1.12"
"12/02/2025","21:15","0.0","0.0","0.0","0.0","0.0","0.0","1.13"
"12/02/2025","21:00","0.0","0.0","0.0","0.0","0.0","0.0","1.15"
"12/02/2025","20:45","0.0","0.0","0.0","0.0","0.0","0.0","1.16"
"12/02/2025","20:30","0.0","0.0","0.0","0.0","0.0","0.0","1.18"
"12/02/2025","20:15","0.0","0.0","0.0","0.0","0.0","0.0","1.19"
"12/02/2025","20:00","0.0","0.0","0.0","0.0","0.0","0.0","1.2"
"12/02/2025","19:45","0.0","0.0","0.0","0.0","0.0","0.0","1.2"
"12/02/2025","19:30","0.0","0.0","0.0","0.0","0.0","0.0","1.2"
"12/02/2025","19:15","0.0","0.0","0.0","0.0","0.0","0.0","1.19"
"12/02/2025","19:00","0.0","0.0","0.0","0.0","0.0","0.0","1.18"
"12/02/2025","18:45","0.0","0.0","0.0","0.0","0.0","0.0","1.17"
"12/02/2025","18:30","0.0","0.0","0.0","0.0","0.0","0.0","1.16"
"12/02/2025","18:15","0.0","0.0","0.0","0.0","0.0","0.0","1.15"
"12/02/2025","18:00","0.0","0.0","0.0","0.0","0.0","0.0","1.14"
"12/02/2025","17:45","Dado Nulo","0.0","0.0","0.0","0.0","0.0","999999.0"
"12/02/2025","17:30","0.0","0.0","0.0","0.0","0.0","0.0","1.13"
"12/02/2025","17:15","Dado Nulo","0.0","0.0","0.0","0.0","0.0","999999.0"
"12/02/2025","17:00","0.0","0.0","0.0","0.0","0.0","0.0","1.12"
"12/02/2025","16:45","0.0","0.0","0.0","0.0","0.0","0.0","1.12"
"12/02/2025","16:30","0.0","0.0","0.0","0.0","0.0","0.0","1.12"
"12/02/2025","16:15","Dado Nulo","0.0","0.0","0.0","0.0","0.0","999999.0"
"12/02/2025","16:00","Dado Nulo","0.0","0.0","0.0","0.0","0.0","999999.0"
"12/02/2025","15:45","0.0","0.0","0.0","0.0","0.0","0.0","1.12"
"12/02/2025","15:30","0.0","0.0","0.0","0.0","0.0","0.0","1.12"
"12/02/2025","15:15","0.0","0.0","0.0","0.0","0.0","0.0","1.12"
"12/02/2025","15:00","0.0","0.0","0.0","0.0","0.0","0.0","1.13"
"12/02/2025","14:45","Dado Nulo","0.0","0.0","0.0","0.0","0.0","999999.0"
"12/02/2025","14:30","0.0","0.0","0.0","0.0","0.0","0.0","1.13"
"12/02/2025","14:15","0.0","0.0","0.0","0.0","0.0","0.0","1.13"
"12/02/2025","14:00","0.0","0.0","0.0","0.0","0.0","0.0","1.13"
"12/02/2025","13:45","Dado Nulo","0.0","0.0","0.0","0.0","0.0","999999.0"
"12/02/2025","13:30","0.0","0.0","0.0","0.0","0.0","0.0","1.14"
"12/02/2025","13:15","Dado Nulo","0.0","0.0","0.0","0.0","0.0","999999.0"
"12/02/2025","13:00","0.0","0.0","0.0","0.0","0.0","0.0","1.15"
"12/02/2025","12:45","0.0","0.0","0.0","0.0","0.0","0.0","1.16"
"12/02/2025","12:30","Dado Nulo","0.0","0.0","0.0","0.0","0.0","999999.0"
"12/02/2025","12:15","Dado Nulo","0.0","0.0","0.0","0.0","0.0","999999.0"
"12/02/2025","12:00","0.0","0.0","0.0","0.0","0.0","0.0","1.18"
"12/02/2025","11:45","0.0","0.0","0.0","0.0","0.0","0.0","1.18"
"12/02/2025","11:30","Dado Nulo","0.0","0.0","0.0","0.0","0.0","999999.0"
"12/02/2025","11:15","0.0","0.0","0.0","0.0","0.0","0.0","1.19"
"12/02/2025","11:00","Dado Nulo","0.0","0.0","0.0","0.0","0.0","999999.0"
"12/02/2025","10:45","0.0","0.0","0.0","0.0","0.0","0.0","1.19"
"12/02/2025","10:30","Dado Nulo","0.0","0.0","0.0","0.0","0.0","999999.0"
"12/02/2025","10:15","0.0","0.0","0.0","0.0","0.0","0.0","1.18"
"12/02/2025","10:00","Dado Nulo","0.0","0.0","0.0","0.0","0.0","999999.0"
"12/02/2025","09:45","0.0","0.0","0.0","0.0","0.0","0.0","1.16"
"12/02/2025","09:30","0.0","0.0","0.0","0.0","0.0","0.0","1.15"
"12/02/2025","09:15","0.0","0.0","0.0","0.0","0.0","0.0","1.14"
"12/02/2025","09:00","0.0","0.0","0.0","0.0","0.0","0.0","1.12"
"12/02/2025","08:45","0.0","0.0","0.0","0.0","0.0","0.0","1.11"
"12/02/2025","08:30","0.0","0.0","0.0","0.0","0.0","0.0","1.1"
"12/02/2025","08:15","0.0","0.0","0.0","0.0","0.0","0.0","1.1"
"12/02/2025","08:00","Dado Nulo","0.0","0.0","0.0","0.0","0.0","999999.0"
"12/02/2025","07:45","0.0","0.0","0.0","0.0","0.0","0.0","1.1"
"12/02/2025","07:30","0.0","0.0","0.0","0.0","0.0","0.0","1.1"
"12/02/2025","07:15","0.0","0.0","0.0","0.0","0.0","0.0","1.11"
"12/02/2025","07:00","0.0","0.0","0.0","0.0","0.0","0.0","1.11"
"12/02/2025","06:45","Dado Nulo","0.0","0.0","0.0","0.0","0.0","999999.0"
"12/02/2025","06:30","0.0","0.0","0.0","0.0","0.0","0.0","1.13"
"12/02/2025","06:15","0.0","0.0","0.0","0.0","0.0","0.0","1.14"
"12/02/2025","06:00","0.0","0.0","0.0","0.0","0.0","0.0","1.15"
"12/02/2025","05:45","0.0","0.0","0.0","0.0","0.0","0.0","1.16"
"12/02/2025","05:30","0.0","0.0","0.0","0.0","0.0","0.0","1.17"
"12/02/2025","05:15","0.0","0.0","0.0","0.0","0.0","0.0","1.18"
"12/02/2025","05:00","0.0","0.0","0.0","0.0","0.0","0.0","1.18"
"12/02/2025","04:45","0.0","0.0","0.0","0.0","0.0","0.0","1.19"
"12/02/2025","04:30","Dado Nulo","0.0","0.0","0.0","0.0","0.0","999999.0"
"12/02/2025","04:15","0.0","0.0","0.0","0.0","0.0","0.0","1.18"
"12/02/2025","04:00","0.0","0.0","0.0","0.0","0.0","0.0","1.17"
"12/02/2025","03:45","0.0","0.0","0.0","0.0","0.0","0.0","1.16"
"12/02/2025","03:30","0.0","0.0","0.0","0.0","0.0","0.0","1.15"
"12/02/2025","03:15","0.0","0.0","0.0","0.0","0.0","0.0","1.14"
"12/02/2025","03:00","0.0","0.0","0.0","0.0","0.0","0.0","1.13"
"12/02/2025","02:45","0.0","0.0","0.0","0.0","0.0","0.0","1.12"
"12/02/2025","02:30","0.0","0.0","0.0","0.0","0.0","0.0","1.11"
"12/02/2025","02:15","Dado Nulo","0.0","0.0","0.0","0.0","0.0","999999.0"
"12/02/2025","02:00","0.0","0.0","0.0","0.0","0.0","0.0","1.1"
"12/02/2025","01:45","Dado Nulo","0.0","0.0","0.0","0.0","0.0","999999.0"
"12/02/2025","01:30","0.0","0.0","0.0","0.0","0.0","0.0","1.11"
"12/02/2025","01:15","Dado Nulo","0.0","0.0","0.0","0.0","0.0","999999.0"
"12/02/2025","01:00","0.0","0.0","0.0","0.0","0.0","0.0","1.12"
"12/02/2025","00:45","0.0","0.0","0.0","0.0","0.0","0.0","1.13"
"12/02/2025","00:30","0.0","0.0","0.0","0.0","0.0","0.0","1.14"
"12/02/2025","00:15","0.0","0.0","0.0","0.0","0.0","0.0","1.15"
"12/02/2025","00:00","0.0","0.0","0.0","0.0","0.0","0.0","1.17"
"11/02/2025","23:45","0.0","0.0","0.0","0.0","0.0","0.0","1.18"
"11/02/2025","23:30","0.0","0.0","0.0","0.0","0.0","0.0","1.19"
"11/02/2025","23:15","0.0","0.0","0.0","0.0","0.0","0.0","1.19"
"11/02/2025","23:00","Dado Nulo","0.0","0.0","0.0","0.0","0.0","999999.0"
"11/02/2025","22:45","0.0","0.0","0.0","0.0","0.0","0.0","1.2"
"11/02/2025","22:30","0.0","0.0","0.0","0.0","0.0","0.0","1.19"
"11/02/2025","22:15","0.0","0.0","0.0","0.0","0.0","0.0","1.19"
"11/02/2025","22:00","0.0","0.0","0.0","0.0","0.0","0.0","1.18"
"11/02/2025","21:45","0.0","0.0","0.0","0.0","0.0","0.0","1.17"
"11/02/2025","21:30","0.0","0.0","0.0","0.0","0.0","0.0","1.17"
"11/02/2025","21:15","0.0","0.0","0.0","0.0","0.0","0.0","1.16"
"11/02/2025","21:00","0.0","0.0","0.0","0.0","0.0","0.0","1.15"
"11/02/2025","20:45","0.0","0.0","0.0","0.0","0.0","0.0","1.14"
"11/02/2025","20:30","0.0","0.0","0.0","0.0","0.0","0.0","1.13"
"11/02/2025","20:15","0.0","0.0","0.0","0.0","0.0","0.0","1.13"
"11/02/2025","20:00","0.0","0.0","0.0","0.0","0.0","0.0","1.13"
"11/02/2025","19:45","0.0","0.0","0.0","0.0","0.0","0.0","1.13"
"11/02/2025","19:30","0.0","0.0","0.0","0.0","0.0","0.0","1.13"
"11/02/2025","19:15","0.0","0.0","0.0","0.0","0.0","0.0","1.13"
"11/02/2025","19:00","0.0","0.0","0.0","0.0","0.0","0.0","1.13"
"11/02/2025","18:45","0.0","0.0","0.0","0.0","0.0","0.0","1.14"
"11/02/2025","18:30","0.0","0.0","0.0","0.0","0.0","0.0","1.14"
"11/02/2025","18:15","0.0","0.0","0.0","0.0","0.0","0.0","1.15"
"11/02/2025","18:00","0.0","0.0","0.0","0.0","0.0","0.0","1.15"
"11/02/2025","17:45","0.0","0.0","0.0","0.0","0.0","0.0","1.16"
"11/02/2025","17:30","0.0","0.0","0.0","0.0","0.0","0.0","1.17"
"11/02/2025","17:15","0.0","0.0","0.0","0.0","0.0","0.0","1.17"
"11/02/2025","17:00","0.0","0.0","0.0","0.0","0.0","0.0","1.18"
"11/02/2025","16:45","Dado Nulo","0.0","0.0","0.0","0.0","0.0","999999.0"
"11/02/2025","16:30","0.0","0.0","0.0","0.0","0.0","0.0","1.2"
"11/02/2025","16:15","0.0","0.0","0.0","0.0","0.0","0.0","1.21"
"11/02/2025","16:00","Dado Nulo","0.0","0.0","0.0","0.0","0.0","999999.0"
"11/02/2025","15:45","0.0","0.0","0.0","0.0","0.0","0.0","1.22"
"11/02/2025","15:30","0.0","0.0","0.0","0.0","0.0","0.0","1.22"
"11/02/2025","15:15","0.0","0.0","0.0","0.0","0.0","0.0","1.22"
"11/02/2025","15:00","Dado Nulo","0.0","0.0","0.0","0.0","0.0","999999.0"
"11/02/2025","14:45","Dado Nulo","0.0","0.0","0.0","0.0","0.0","999999.0"
"11/02/2025","14:30","0.0","0.0","0.0","0.0","0.0","0.0","1.21"
"11/02/2025","14:15","0.0","0.0","0.0","0.0","0.0","0.0","1.2"
"11/02/2025","14:00","Dado Nulo","0.0","0.0","0.0","0.0","0.0","999999.0"
"11/02/2025","13:45","0.0","0.0","0.0","0.0","0.0","0.0","1.2"
"11/02/2025","13:30","0.0","0.0","0.0","0.0","0.0","0.0","1.19"
"11/02/2025","13:15","0.0","0.0","0.0","0.0","0.0","0.0","1.18"
"11/02/2025","13:00","0.0","0.0","0.0","0.0","0.0","0.0","1.18"
"11/02/2025","12:45","0.0","0.0","0.0","0.0","0.0","0.0","1.17"
"11/02/2025","12:30","0.0","0.0","0.0","0.0","0.0","0.0","1.17"
"11/02/2025","12:15","0.0","0.0","0.0","0.0","0.0","0.0","1.16"
"11/02/2025","12:00","0.0","0.0","0.0","0.0","0.0","0.0","1.16"
"11/02/2025","11:45","Dado Nulo","0.0","0.0","0.0","0.0","0.0","999999.0"
"11/02/2025","11:30","Dado Nulo","0.0","0.0","0.0","0.0","0.0","999999.0"
"11/02/2025","11:15","Dado Nulo","0.0","0.0","0.0","0.0","0.0","999999.0"
"11/02/2025","11:00","0.0","0.0","0.0","0.0","0.0","0.0","1.17"
"11/02/2025","10:45","0.0","0.0","0.0","0.0","0.0","0.0","1.17"
"11/02/2025","10:30","0.0","0.0","0.0","0.0","0.0","0.0","1.18"
"11/02/2025","10:15","0.0","0.0","0.0","0.0","0.0","0.0","1.19"
"11/02/2025","10:00","0.0","0.0","0.0","0.0","0.0","0.0","1.2"
"11/02/2025","09:45","0.0","0.0","0.0","0.0","0.0","0.0","1.2"
"11/02/2025","09:30","0.0","0.0","0.0","0.0","0.0","0.0","1.2"
"11/02/2025","09:15","0.0","0.0","0.0","0.0","0.0","0.0","1.2"
"11/02/2025","09:00","0.0","0.0","0.0","0.0","0.0","0.0","1.19"
"11/02/2025","08:45","0.0","0.0","0.0","0.0","0.0","0.0","1.18"
"11/02/2025","08:30","0.0","0.0","0.0","0.0","0.0","0.0","1.18"
"11/02/2025","08:15","0.0","0.0","0.0","0.0","0.0","0.0","1.17"
"11/02/2025","08:00","0.0","0.0","0.0","0.0","0.0","0.0","1.16"
"11/02/2025","07:45","0.0","0.0","0.0","0.0","0.0","0.0","1.16"
"11/02/2025","07:30","0.0","0.0","0.0","0.0","0.0","0.0","1.16"
"11/02/2025","07:15","0.0","0.0","0.0","0.0","0.0","0.0","1.16"
"11/02/2025","07:00","Dado Nulo","0.0","0.0","0.0","0.0","0.0","999999.0"
"11/02/2025","06:45","0.0","0.0","0.0","0.0","0.0","0.0","1.17"
"11/02/2025","06:30","0.0","0.0","0.0","0.0","0.0","0.0","1.18"
"11/02/2025","06:15","0.0","0.0","0.0","0.0","0.0","0.0","1.19"
"11/02/2025","06:00","0.0","0.0","0.0","0.0","0.0","0.0","1.2"
"11/02/2025","05:45","0.0","0.0","0.0","0.0","0.0","0.0","1.21"
"11/02/2025","05:30","Dado Nulo","0.0","0.0","0.0","0.0","0.0","999999.0"
"11/02/2025","05:15","0.0","0.0","0.0","0.0","0.0","0.0","1.2"
"11/02/2025","05:00","0.0","0.0","0.0","0.0","0.0","0.0","1.2"
"11/02/2025","04:45","0.0","0.0","0.0","0.0","0.0","0.0","1.2"
"11/02/2025","04:30","0.0","0.0","0.0","0.0","0.0","0.0","1.19"
"11/02/2025","04:15","0.0","0.0","0.0","0.0","0.0","0.0","1.19"
"11/02/2025","04:00","0.0","0.0","0.0","0.0","0.0","0.0","1.18"
"11/02/2025","03:45","0.0","0.0","0.0","0.0","0.0","0.0","1.18"
"11/02/2025","03:30","Dado Nulo","0.0","0.0","0.0","0.0","0.0","999999.0"
"11/02/2025","03:15","0.0","0.0","0.0","0.0","0.0","0.0","1.17"
"11/02/2025","03:00","0.0","0.0","0.0","0.0","0.0","0.0","1.17"
"11/02/2025","02:45","0.0","0.0","0.0","0.0","0.0","0.0","1.18"
"11/02/2025","02:30","0.0","0.0","0.0","0.0","0.0","0.0","1.18"
"11/02/2025","02:15","0.0","0.0","0.0","0.0","0.0","0.0","1.19"
"11/02/2025","02:00","0.0","0.0","0.0","0.0","0.0","0.0","1.2"
"11/02/2025","01:45","0.0","0.0","0.0","0.0","0.0","0.0","1.21"
"11/02/2025","01:30","Dado Nulo","0.0","0.0","0.0","0.0","0.0","999999.0"
"11/02/2025","01:15","0.0","0.0","0.0","0.0","0.0","0.0","1.22"
"11/02/2025","01:00","0.0","0.0","0.0","0.0","0.0","0.0","1.22"
"11/02/2025","00:45","0.0","0.0","0.0","0.0","0.0","0.0","1.22"
"11/02/2025","00:30","0.0","0.0","0.0","0.0","0.0","0.0","1.21"
"11/02/2025","00:15","0.0","0.0","0.0","0.0","0.0","0.0","1.21"
"11/02/2025","00:00","0.0","0.0","0.0","0.0","0.0","0.0","1.21"
"10/02/2025","23:45","0.0","0.0","0.0","0.0","0.0","0.0","1.21"
"10/02/2025","23:30","0.0","0.0","0.0","0.0","0.0","0.0","1.21"
"10/02/2025","23:15","0.0","0.0","0.0","0.0","0.0","0.0","1.21"
"10/02/2025","23:00","0.0","0.0","0.0","0.0","0.0","0.0","1.21"
"10/02/2025","22:45","0.0","0.0","0.0","0.0","0.0","0.0","1.2"
"10/02/2025","22:30","0.0","0.0","0.0","0.0","0.0","0.0","1.2"
"10/02/2025","22:15","0.0","0.0","0.0","0.0","0.0","0.0","1.2"
"10/02/2025","22:00","0.0","0.0","0.0","0.0","0.0","0.0","1.19"
"10/02/2025","21:45","0.0","0.0","0.0","0.0","0.0","0.0","1.19"
"10/02/2025","21:30","Dado Nulo","0.0","0.0","0.0","0.0","0.0","999999.0"
"10/02/2025","21:15","0.0","0.0","0.0","0.0","0.0","0.0","1.18"
"10/02/2025","21:00","0.0","0.0","0.0","0.0","0.0","0.0","1.18"
"10/02/2025","20:45","0.0","0.0","0.0","0.0","0.0","0.0","1.17"
"10/02/2025","20:30","0.0","0.0","0.0","0.0","0.0","0.0","1.17"
"10/02/2025","20:15","0.0","0.0","0.0","0.0","0.0","0.0","1.17"
"10/02/2025","20:00","0.0","0.0","0.0","0.0","0.0","0.0","1.17"
"10/02/2025","19:45","0.0","0.0","0.0","0.0","0.0","0.0","1.18"
"10/02/2025","19:30","0.0","0.0","0.0","0.0","0.0","0.0","1.18"
"10/02/2025","19:15","0.0","0.0","0.0","0.0","0.0","0.0","1.19"
"10/02/2025","19:00","0.0","0.0","0.0","0.0","0.0","0.0","1.2"
"10/02/2025","18:45","0.0","0.0","0.0","0.0","0.0","0.0","1.2"
"10/02/2025","18:30","0.0","0.0","0.0","0.0","0.0","0.0","1.2"
"10/02/2025","18:15","0.0","0.0","0.0","0.0","0.0","0.0","1.19"
"10/02/2025","18:00","0.0","0.0","0.0","0.0","0.0","0.0","1.19"
"10/02/2025","17:45","0.0","0.0","0.0","0.0","0.0","0.0","1.19"
"10/02/2025","17:30","Dado Nulo","0.0","0.0","0.0","0.0","0.0","999999.0"
"10/02/2025","17:15","0.0","0.0","0.0","0.0","0.0","0.0","1.18"
"10/02/2025","17:00","0.0","0.0","0.0","0.0","0.0","0.0","1.17"
"10/02/2025","16:45","0.0","0.0","0.0","0.0","0.0","0.0","1.17"
"10/02/2025","16:30","0.0","0.0","0.0","0.0","0.0","0.0","1.17"
"10/02/2025","16:15","0.0","0.0","0.0","0.0","0.0","0.0","1.18"
"10/02/2025","16:00","0.0","0.0","0.0","0.0","0.0","0.0","1.18"
"10/02/2025","15:45","Dado Nulo","0.0","0.0","0.0","0.0","0.0","999999.0"
"10/02/2025","15:30","0.0","0.0","0.0","0.0","0.0","0.0","1.2"
"10/02/2025","15:15","0.0","0.0","0.0","0.0","0.0","0.0","1.2"
"10/02/2025","15:00","Dado Nulo","0.0","0.0","0.0","0.0","0.0","999999.0"
"10/02/2025","14:45","0.0","0.0","0.0","0.0","0.0","0.0","1.21"
"10/02/2025","14:30","0.0","0.0","0.0","0.0","0.0","0.0","1.21"
"10/02/2025","14:15","0.0","0.0","0.0","0.0","0.0","0.0","1.2"
"10/02/2025","14:00","Dado Nulo","0.0","0.0","0.0","0.0","0.0","999999.0"
"10/02/2025","13:45","0.0","0.0","0.0","0.0","0.0","0.0","1.2"
"10/02/2025","13:30","0.0","0.0","0.0","0.0","0.0","0.0","1.19"
"10/02/2025","13:15","Dado Nulo","0.0","0.0","0.0","0.0","0.0","999999.0"
"10/02/2025","13:00","0.0","0.0","0.0","0.0","0.0","0.0","1.19"
"10/02/2025","12:45","0.0","0.0","0.0","0.0","0.0","0.0","1.18"
"10/02/2025","12:30","0.0","0.0","0.0","0.0","0.0","0.0","1.18"
"10/02/2025","12:15","Dado Nulo","0.0","0.0","0.0","0.0","0.0","999999.0"
"10/02/2025","12:00","0.0","0.0","0.0","0.0","0.0","0.0","1.17"
"10/02/2025","11:45","Dado Nulo","0.0","0.0","0.0","0.0","0.0","999999.0"
"10/02/2025","11:30","Dado Nulo","0.0","0.0","0.0","0.0","0.0","999999.0"
"10/02/2025","11:15","0.0","0.0","0.0","0.0","0.0","0.0","1.16"
"10/02/2025","11:00","Dado Nulo","0.0","0.0","0.0","0.0","0.0","999999.0"
"10/02/2025","10:45","Dado Nulo","0.0","0.0","0.0","0.0","0.0","999999.0"
"10/02/2025","10:30","Dado Nulo","0.0","0.0","0.0","0.0","0.0","999999.0"
"10/02/2025","10:15","Dado Nulo","0.0","0.0","0.0","0.0","0.0","999999.0"
"10/02/2025","10:00","0.0","0.0","0.0","0.0","0.0","0.0","1.19"
"10/02/2025","09:45","0.0","0.0","0.0","0.0","0.0","0.0","1.19"
"10/02/2025","09:30","0.0","0.0","0.0","0.0","0.0","0.0","1.19"
"10/02/2025","09:15","0.0","0.0","0.0","0.0","0.0","0.0","1.19"
"10/02/2025","09:00","0.0","0.0","0.0","0.0","0.0","0.0","1.18"
"10/02/2025","08:45","0.0","0.0","0.0","0.0","0.0","0.0","1.18"
"10/02/2025","08:30","0.0","0.0","0.0","0.0","0.0","0.0","1.17"
"10/02/2025","08:15","Dado Nulo","0.0","0.0","0.0","0.0","0.0","999999.0"
"10/02/2025","08:00","Dado Nulo","0.0","0.0","0.0","0.0","0.0","999999.0"
"10/02/2025","07:45","0.0","0.0","0.0","0.0","0.0","0.0","1.15"
"10/02/2025","07:30","0.0","0.0","0.0","0.0","0.0","0.0","1.14"
"10/02/2025","07:15","0.0","0.0","0.0","0.0","0.0","0.0","1.14"
"10/02/2025","07:00","0.0","0.0","0.0","0.0","0.0","0.0","1.14"
"10/02/2025","06:45","0.0","0.0","0.0","0.0","0.0","0.0","1.14"
"10/02/2025","06:30","0.0","0.0","0.0","0.0","0.0","0.0","1.14"
"10/02/2025","06:15","0.0","0.0","0.0","0.0","0.0","0.0","1.14"
"10/02/2025","06:00","0.0","0.0","0.0","0.0","0.0","0.0","1.15"
"10/02/2025","05:45","0.0","0.0","0.0","0.0","0.0","0.0","1.15"
"10/02/2025","05:30","0.0","0.0","0.0","0.0","0.0","0.0","1.16"
"10/02/2025","05:15","0.0","0.0","0.0","0.0","0.0","0.0","1.16"
"10/02/2025","05:00","0.0","0.0","0.0","0.0","0.0","0.0","1.17"
"10/02/2025","04:45","0.0","0.0","0.0","0.0","0.0","0.0","1.17"
"10/02/2025","04:30","0.0","0.0","0.0","0.0","0.0","0.0","1.18"
"10/02/2025","04:15","0.0","0.0","0.0","0.0","0.0","0.0","1.18"
"10/02/2025","04:00","0.0","0.0","0.0","0.0","0.0","0.0","1.18"
"10/02/2025","03:45","0.0","0.0","0.0","0.0","0.0","0.0","1.19"
"10/02/2025","03:30","0.0","0.0","0.0","0.0","0.0","0.0","1.18"
"10/02/2025","03:15","0.0","0.0","0.0","0.0","0.0","0.0","1.18"
"10/02/2025","03:00","0.0","0.0","0.0","0.0","0.0","0.0","1.18"
"10/02/2025","02:45","0.0","0.0","0.0","0.0","0.0","0.0","1.18"
"10/02/2025","02:30","0.0","0.0","0.0","0.0","0.0","0.0","1.17"
"10/02/2025","02:15","0.0","0.0","0.0","0.0","0.0","0.0","1.17"
"10/02/2025","02:00","0.0","0.0","0.0","0.0","0.0","0.0","1.16"
"10/02/2025","01:45","0.0","0.0","0.0","0.0","0.0","0.0","1.16"
"10/02/2025","01:30","0.0","0.0","0.0","0.0","0.0","0.0","1.16"
"10/02/2025","01:15","0.0","0.0","0.0","0.0","0.0","0.0","1.16"
"10/02/2025","01:00","0.0","0.0","0.0","0.0","0.0","0.0","1.16"
"10/02/2025","00:45","0.0","0.0","0.0","0.0","0.0","0.0","1.16"
"10/02/2025","00:30","0.0","0.0","0.0","0.0","0.0","0.0","1.16"
"10/02/2025","00:15","0.0","0.0","0.0","0.0","0.0","0.0","1.16"
"10/02/2025","00:00","0.0","0.0","0.0","0.0","0.0","0.0","1.16"
"09/02/2025","23:45","0.0","0.0","0.0","0.0","0.0","0.0","1.16"
"09/02/2025","23:30","0.0","0.0","0.0","0.0","0.0","0.0","1.16"
"09/02/2025","23:15","0.0","0.0","0.0","0.0","0.0","0.0","1.17"
"09/02/2025","23:00","0.0","0.0","0.0","0.0","0.0","0.0","1.17"
"09/02/2025","22:45","0.0","0.0","0.0","0.0","0.0","0.0","1.18"
"09/02/2025","22:30","0.0","0.0","0.0","0.0","0.0","0.0","1.18"
"09/02/2025","22:15","0.0","0.0","0.0","0.0","0.0","0.0","1.19"
"09/02/2025","22:00","0.0","0.0","0.0","0.0","0.0","0.0","1.2"
"09/02/2025","21:45","0.0","0.0","0.0","0.0","0.0","0.0","1.2"
"09/02/2025","21:30","0.0","0.0","0.0","0.0","0.0","0.0","1.21"
"09/02/2025","21:15","0.0","0.0","0.0","0.0","0.0","0.0","1.21"
"09/02/2025","21:00","0.0","0.0","0.0","0.0","0.0","0.0","1.22"
"09/02/2025","20:45","0.0","0.0","0.0","0.0","0.0","0.0","1.22"
"09/02/2025","20:30","0.0","0.0","0.0","0.0","0.0","0.0","1.22"
"09/02/2025","20:15","0.0","0.0","0.0","0.0","0.0","0.0","1.22"
"09/02/2025","20:00","0.0","0.0","0.0","0.0","0.0","0.0","1.22"
"09/02/2025","19:45","0.0","0.0","0.0","0.0","0.0","0.0","1.21"
"09/02/2025","19:30","Dado Nulo","0.0","0.0","0.0","0.0","0.0","999999.0"
"09/02/2025","19:15","0.0","0.0","0.0","0.0","0.0","0.0","1.21"
"09/02/2025","19:00","0.0","0.0","0.0","0.0","0.0","0.0","1.21"
"09/02/2025","18:45","0.0","0.0","0.0","0.0","0.0","0.0","1.21"
"09/02/2025","18:30","0.0","0.0","0.0","0.0","0.0","0.0","1.21"
"09/02/2025","18:15","Dado Nulo","0.0","0.0","0.0","0.0","0.0","999999.0"
"09/02/2025","18:00","0.0","0.0","0.0","0.0","0.0","0.0","1.2"
"09/02/2025","17:45","0.0","0.0","0.0","0.0","0.0","0.0","1.2"
"09/02/2025","17:30","0.0","0.0","0.0","0.0","0.0","0.0","1.2"
"09/02/2025","17:15","0.0","0.0","0.0","0.0","0.0","0.0","1.2"
"09/02/2025","17:00","0.0","0.0","0.0","0.0","0.0","0.0","1.2"
"09/02/2025","16:45","0.0","0.0","0.0","0.0","0.0","0.0","1.19"
"09/02/2025","16:30","0.0","0.0","0.0","0.0","0.0","0.0","1.19"
"09/02/2025","16:15","0.0","0.0","0.0","0.0","0.0","0.0","1.19"
"09/02/2025","16:00","0.0","0.0","0.0","0.0","0.0","0.0","1.18"
"09/02/2025","15:45","0.0","0.0","0.0","0.0","0.0","0.0","1.18"
"09/02/2025","15:30","0.0","0.0","0.0","0.0","0.0","0.0","1.17"
"09/02/2025","15:15","0.0","0.0","0.0","0.0","0.0","0.0","1.17"
"09/02/2025","15:00","0.0","0.0","0.0","0.0","0.0","0.0","1.17"
"09/02/2025","14:45","0.0","0.0","0.0","0.0","0.0","0.0","1.17"
"09/02/2025","14:30","0.0","0.0","0.0","0.0","0.0","0.0","1.16"
"09/02/2025","14:15","0.0","0.0","0.0","0.0","0.0","0.0","1.16"
"09/02/2025","14:00","0.0","0.0","0.0","0.0","0.0","0.0","1.16"
"09/02/2025","13:45","0.0","0.0","0.0","0.0","0.0","0.0","1.16"
"09/02/2025","13:30","0.0","0.0","0.0","0.0","0.0","0.0","1.16"
"09/02/2025","13:15","0.0","0.0","0.0","0.0","0.0","0.0","1.16"
"09/02/2025","13:00","0.0","0.0","0.0","0.0","0.0","0.0","1.16"
"09/02/2025","12:45","0.0","0.0","0.0","0.0","0.0","0.0","1.16"
"09/02/2025","12:30","0.0","0.0","0.0","0.0","0.0","0.0","1.16"
"09/02/2025","12:15","0.0","0.0","0.0","0.0","0.0","0.0","1.16"
"09/02/2025","12:00","0.0","0.0","0.0","0.0","0.0","0.0","1.16"
"09/02/2025","11:45","0.0","0.0","0.0","0.0","0.0","0.0","1.15"
"09/02/2025","11:30","0.0","0.0","0.0","0.0","0.0","0.0","1.15"
"09/02/2025","11:15","0.0","0.0","0.0","0.0","0.0","0.0","1.15"
"09/02/2025","11:00","0.0","0.0","0.0","0.0","0.0","0.0","1.15"
"09/02/2025","10:45","0.0","0.0","0.0","0.0","0.0","0.0","1.15"
"04/02/2025","21:00","0.0","0.0","0.0","0.0","0.0","31.0","1.32"
"04/02/2025","20:45","0.0","0.0","0.0","0.0","0.0","31.0","1.32"
"04/02/2025","20:30","0.0","0.0","0.0","0.0","0.0","31.0","1.32"
"04/02/2025","20:15","0.0","0.0","0.0","0.0","0.0","31.0","1.32"
"04/02/2025","20:00","0.0","0.0","0.0","0.0","0.0","31.0","1.32"
"04/02/2025","19:45","0.0","0.0","0.0","0.0","0.0","31.0","1.32"
"04/02/2025","19:30","0.0","0.0","0.0","0.0","0.0","31.0","1.32"
"04/02/2025","19:15","0.0","0.0","0.0","0.0","0.0","31.0","1.32"
"04/02/2025","19:00","0.0","0.0","0.0","0.0","0.0","31.0","1.31"
"04/02/2025","18:45","0.0","0.0","0.0","0.0","0.0","31.0","1.3"
"04/02/2025","18:30","0.0","0.0","0.0","0.0","0.0","31.0","1.28"
"04/02/2025","18:15","0.0","0.0","0.0","0.0","0.0","31.0","1.26"
"04/02/2025","18:00","0.0","0.0","0.0","0.0","0.0","31.0","1.24"
"04/02/2025","17:45","0.0","0.0","0.0","0.0","0.0","31.0","1.22"
"04/02/2025","17:30","0.0","0.0","0.0","0.0","0.0","31.0","1.22"
"04/02/2025","17:15","0.0","0.0","0.0","0.0","0.0","31.0","1.22"
"04/02/2025","17:00","0.0","0.0","0.0","0.0","0.0","31.0","1.22"
"04/02/2025","16:45","Dado Nulo","0.0","0.0","0.0","0.0","31.0","999999.0"
"04/02/2025","16:30","0.0","0.0","0.0","0.0","0.0","31.0","1.23"
"04/02/2025","16:15","0.0","0.0","0.0","0.0","0.0","31.0","1.24"
"04/02/2025","16:00","0.0","0.0","0.0","0.0","0.0","31.0","1.25"
"04/02/2025","15:45","0.0","0.0","0.0","0.0","0.0","31.0","1.26"
"04/02/2025","15:30","0.0","0.0","0.0","0.0","0.0","31.0","1.28"
"04/02/2025","15:15","Dado Nulo","0.0","0.0","0.0","0.0","31.0","999999.0"
"04/02/2025","15:00","Dado Nulo","0.0","0.0","0.0","0.0","31.0","999999.0"
"04/02/2025","14:45","0.0","0.0","0.0","0.0","0.0","31.0","1.31"
"04/02/2025","14:30","0.0","0.0","0.0","0.0","0.0","31.0","1.31"
"04/02/2025","14:15","Dado Nulo","0.0","0.0","0.0","0.0","31.0","999999.0"
"04/02/2025","14:00","0.0","0.0","0.0","0.0","0.0","31.0","1.32"
"04/02/2025","13:45","0.0","0.0","0.0","0.0","0.0","31.0","1.33"
"04/02/2025","13:30","0.0","0.0","0.0","0.0","0.0","31.0","1.34"
"04/02/2025","13:15","0.0","0.0","0.0","0.0","0.0","31.0","1.35"
"04/02/2025","13:00","0.0","0.0","0.0","0.0","0.0","31.0","1.35"
"04/02/2025","12:45","0.0","0.0","0.0","0.0","0.0","31.0","1.36"
"04/02/2025","12:30","0.0","0.0","0.0","0.0","0.0","31.0","1.36"
"04/02/2025","12:15","0.0","0.0","0.0","0.0","0.0","31.0","1.36"
"04/02/2025","12:00","Dado Nulo","0.0","0.0","0.0","0.0","31.0","999999.0"
"04/02/2025","11:45","0.0","0.0","0.0","0.0","0.0","31.0","1.35"
"04/02/2025","11:30","0.0","0.0","0.0","0.0","0.0","31.0","1.33"
"04/02/2025","11:15","0.0","0.0","0.0","0.0","0.0","31.4","1.31"
"04/02/2025","11:00","0.0","0.0","0.0","0.0","0.0","32.8","1.29"
"04/02/2025","10:45","0.0","0.0","0.0","0.0","0.0","32.8","1.27"
"04/02/2025","10:30","Dado Nulo","0.0","0.0","0.0","0.0","32.8","999999.0"
"04/02/2025","10:15","0.0","0.0","0.0","0.0","0.0","32.8","1.26"
"04/02/2025","10:00","0.0","0.0","0.0","0.0","0.0","32.8","1.26"
"04/02/2025","09:45","0.0","0.0","0.0","0.0","0.0","32.8","1.26"
"04/02/2025","09:30","0.0","0.0","0.0","0.0","0.0","32.8","1.25"
"04/02/2025","09:15","0.0","0.0","0.0","0.0","0.0","32.8","1.24"
"04/02/2025","09:00","0.0","0.0","0.0","0.0","0.0","32.8","1.22"
"04/02/2025","08:45","0.0","0.0","0.0","0.0","0.0","32.8","1.21"
"04/02/2025","08:30","Dado Nulo","0.0","0.0","0.0","0.0","32.8","999999.0"
"04/02/2025","08:15","0.0","0.0","0.0","0.0","0.0","32.8","1.21"
"04/02/2025","08:00","Dado Nulo","0.0","0.0","0.0","0.0","32.8","999999.0"
"04/02/2025","07:45","0.0","0.0","0.0","0.0","0.0","32.8","1.24"
"04/02/2025","07:30","0.0","0.0","0.0","0.0","0.0","32.8","1.26"
"04/02/2025","07:15","0.0","0.0","0.0","0.0","0.0","32.8","1.27"
"04/02/2025","07:00","0.0","0.0","0.0","0.0","0.0","32.8","1.27"
"04/02/2025","06:45","0.0","0.0","0.0","0.0","0.0","32.8","1.27"
"04/02/2025","06:30","0.0","0.0","0.0","0.0","0.0","32.8","1.27"
"04/02/2025","06:15","0.0","0.0","0.0","0.0","0.0","32.8","1.27"
"04/02/2025","06:00","0.0","0.0","0.0","0.0","0.0","32.8","1.27"
"04/02/2025","05:45","0.0","0.0","0.0","0.0","0.0","32.8","1.26"
"04/02/2025","05:30","0.0","0.0","0.0","0.0","0.0","32.8","1.26"
"04/02/2025","05:15","0.0","0.0","0.0","0.0","0.0","32.8","1.26"
"04/02/2025","05:00","0.0","0.0","0.0","0.0","0.0","32.8","1.25"
"04/02/2025","04:45","0.0","0.0","0.0","0.0","0.0","32.8","1.24"
"04/02/2025","04:30","0.0","0.0","0.0","0.0","0.0","32.8","1.23"
"04/02/2025","04:15","0.0","0.0","0.0","0.0","0.0","32.8","1.22"
"04/02/2025","04:00","0.0","0.0","0.0","0.0","0.0","32.8","1.2"
"04/02/2025","03:45","Dado Nulo","0.0","0.0","0.0","0.0","32.8","999999.0"
"04/02/2025","03:30","0.0","0.0","0.0","0.0","0.0","32.8","1.18"
"04/02/2025","03:15","0.0","0.0","0.0","0.0","0.0","32.8","1.18"
"04/02/2025","03:00","0.0","0.0","0.0","0.0","0.0","32.8","1.19"
"04/02/2025","02:45","0.0","0.0","0.0","0.0","0.0","32.8","1.2"
"04/02/2025","02:30","0.0","0.0","0.0","0.0","0.0","32.8","1.21"
"04/02/2025","02:15","Dado Nulo","0.0","0.0","0.0","0.0","32.8","999999.0"
"04/02/2025","02:00","0.0","0.0","0.0","0.0","0.0","32.8","1.23"
"04/02/2025","01:45","0.0","0.0","0.0","0.0","0.0","32.8","1.24"
"04/02/2025","01:30","0.0","0.0","0.0","0.0","0.0","32.8","1.24"
"04/02/2025","01:15","0.0","0.0","0.0","0.0","0.0","32.8","1.23"
"04/02/2025","01:00","0.0","0.0","0.0","0.0","0.0","32.8","1.22"
"04/02/2025","00:45","0.0","0.0","0.0","0.0","0.0","32.8","1.22"
"04/02/2025","00:30","0.0","0.0","0.0","0.0","0.0","32.8","1.21"
"04/02/2025","00:15","0.0","0.0","0.0","0.0","0.0","32.8","1.21"
"04/02/2025","00:00","0.0","0.0","0.0","0.0","0.0","32.8","1.22"
"03/02/2025","23:45","0.0","0.0","0.0","0.0","0.0","32.8","1.23"
"03/02/2025","23:30","0.0","0.0","0.0","0.0","0.0","32.8","1.24"
"03/02/2025","23:15","0.0","0.0","0.0","0.0","0.0","32.8","1.26"
"03/02/2025","23:00","Dado Nulo","0.0","0.0","0.0","0.0","32.8","999999.0"
"03/02/2025","22:45","0.0","0.0","0.0","0.0","0.0","32.8","1.29"
"03/02/2025","22:30","0.0","0.0","0.0","0.0","0.0","32.8","1.31"
"03/02/2025","22:15","0.0","0.0","0.0","0.0","0.0","32.8","1.33"
"03/02/2025","22:00","0.0","0.0","0.0","0.0","0.0","33.0","1.34"
"03/02/2025","21:45","0.0","0.0","0.0","0.0","0.0","33.0","1.34"
"03/02/2025","21:30","0.0","0.0","0.0","0.0","0.0","33.0","1.35"
"03/02/2025","21:15","0.0","0.0","0.0","0.0","0.0","33.0","1.36"
"03/02/2025","21:00","0.0","0.0","0.0","0.0","0.0","33.0","1.37"
"03/02/2025","20:45","Dado Nulo","0.0","0.0","0.0","0.0","33.0","999999.0"
"03/02/2025","20:30","0.0","0.0","0.0","0.0","0.0","33.0","1.38"
"03/02/2025","20:15","Dado Nulo","0.0","0.0","0.0","0.0","33.0","999999.0"
"03/02/2025","20:00","0.0","0.0","0.0","0.0","0.0","33.0","1.38"
"03/02/2025","19:45","0.0","0.0","0.0","0.0","0.0","33.0","1.38"
"03/02/2025","19:30","0.0","0.0","0.0","0.0","0.0","33.0","1.38"
"03/02/2025","19:15","0.0","0.0","0.0","0.0","0.0","33.0","1.38"
"03/02/2025","19:00","0.0","0.0","0.0","0.0","0.0","33.0","1.38"
"03/02/2025","18:45","0.0","0.0","0.0","0.0","0.0","33.0","1.38"
"03/02/2025","18:30","0.0","0.0","0.0","0.0","0.0","33.0","1.38"
"03/02/2025","18:15","0.0","0.0","0.0","0.0","0.0","33.0","1.38"
"03/02/2025","18:00","Dado Nulo","0.0","0.0","0.0","0.0","33.0","999999.0"
"03/02/2025","17:45","0.0","0.0","0.0","0.0","0.0","33.0","1.38"
"03/02/2025","17:30","0.0","0.0","0.0","0.0","0.0","33.0","1.38"
"03/02/2025","17:15","0.0","0.0","0.0","0.0","0.0","33.0","1.37"
"03/02/2025","17:00","0.0","0.0","0.0","0.0","0.0","33.0","1.37"
"03/02/2025","16:45","0.0","0.0","0.0","0.0","0.0","33.0","1.36"
"03/02/2025","16:30","Dado Nulo","0.0","0.0","0.0","0.0","33.0","999999.0"
"03/02/2025","16:15","0.0","0.0","0.0","0.0","0.0","33.0","1.34"
"03/02/2025","16:00","0.0","0.0","0.0","0.0","0.0","33.0","1.35"
"03/02/2025","15:45","Dado Nulo","0.0","0.0","0.0","0.0","33.0","999999.0"
"03/02/2025","15:30","0.0","0.0","0.0","0.0","0.0","33.0","1.4"
"03/02/2025","15:15","0.0","0.0","0.0","0.0","0.0","33.0","1.42"
"03/02/2025","15:00","Dado Nulo","0.0","0.0","0.0","0.0","33.0","999999.0"
"03/02/2025","14:45","0.0","0.0","0.0","0.0","0.0","33.0","1.41"
"03/02/2025","14:30","0.0","0.0","0.0","0.0","0.0","33.0","1.39"
"03/02/2025","14:15","Dado Nulo","0.0","0.0","0.0","0.0","33.0","999999.0"
"03/02/2025","14:00","0.0","0.0","0.0","0.0","0.0","33.0","1.38"
"03/02/2025","13:45","0.0","0.0","0.0","0.0","0.0","33.0","1.37"
"03/02/2025","13:30","0.0","0.0","0.0","0.0","0.0","33.0","1.37"
"03/02/2025","13:15","Dado Nulo","0.0","0.0","0.0","0.0","33.0","999999.0"
"03/02/2025","13:00","0.0","0.0","0.0","0.0","0.0","33.0","1.38"
"03/02/2025","12:45","Dado Nulo","0.0","0.0","0.0","0.0","33.0","999999.0"
"03/02/2025","12:30","0.0","0.0","0.0","0.0","0.0","33.0","1.38"
"03/02/2025","12:15","0.0","0.0","0.0","0.0","0.0","33.0","1.38"
"03/02/2025","12:00","0.0","0.0","0.0","0.0","0.0","33.0","1.37"
"03/02/2025","11:45","0.0","0.0","0.0","0.0","0.0","33.0","1.36"
"03/02/2025","11:30","0.0","0.0","0.0","0.0","0.0","33.0","1.36"
"03/02/2025","11:15","Dado Nulo","0.0","0.0","0.0","0.0","33.0","999999.0"
"03/02/2025","11:00","Dado Nulo","0.0","0.0","0.0","0.0","33.0","999999.0"
"03/02/2025","10:45","0.0","0.0","0.0","0.0","0.0","33.0","1.36"
"03/02/2025","10:30","Dado Nulo","0.0","0.0","0.0","0.0","33.0","999999.0"
"03/02/2025","10:15","Dado Nulo","0.0","0.0","0.0","0.0","33.0","999999.0"
"03/02/2025","10:00","0.0","0.0","0.0","0.0","0.0","33.0","1.36"
"03/02/2025","09:45","0.0","0.0","0.0","0.0","0.0","33.0","1.36"
"03/02/2025","09:30","0.0","0.0","0.0","0.0","0.0","33.0","1.37"
"03/02/2025","09:15","0.0","0.0","0.0","0.0","0.0","33.0","1.37"
"03/02/2025","09:00","0.0","0.0","0.0","0.0","0.0","33.0","1.38"
"03/02/2025","08:45","Dado Nulo","0.0","0.0","0.0","0.0","33.0","999999.0"
"03/02/2025","08:30","0.0","0.0","0.0","0.0","0.0","33.0","1.39"
"03/02/2025","08:15","0.0","0.0","0.0","0.0","0.0","33.0","1.4"
"03/02/2025","08:00","Dado Nulo","0.0","0.0","0.0","0.0","33.0","999999.0"
"03/02/2025","07:45","0.0","0.0","0.0","0.0","0.0","33.0","1.43"
"03/02/2025","07:30","0.0","0.0","0.0","0.0","0.0","33.0","1.45"
"03/02/2025","07:15","0.0","0.0","0.0","0.0","0.0","33.0","1.45"
"03/02/2025","07:00","0.0","0.0","0.0","0.0","0.0","33.0","1.46"
"03/02/2025","06:45","0.0","0.0","0.0","0.0","0.0","33.0","1.46"
"03/02/2025","06:30","Dado Nulo","0.0","0.0","0.0","0.0","33.0","999999.0"
"03/02/2025","06:15","0.0","0.0","0.0","0.0","0.0","33.0","1.45"
"03/02/2025","06:00","0.0","0.0","0.0","0.0","0.0","33.4","1.44"
"03/02/2025","05:45","0.0","0.0","0.0","0.0","0.0","34.6","1.44"
"03/02/2025","05:30","0.0","0.0","0.0","0.0","0.0","45.0","1.43"
"03/02/2025","05:15","0.0","0.0","0.0","0.0","0.0","57.8","1.43"
"03/02/2025","05:00","0.0","0.0","0.0","0.0","0.0","57.8","1.42"
"03/02/2025","04:45","0.0","0.0","0.0","0.0","0.0","57.8","1.43"
"03/02/2025","04:30","0.0","0.0","0.0","0.0","0.0","57.8","1.43"
"03/02/2025","04:15","0.0","0.0","0.0","0.0","0.0","57.8","1.44"
"03/02/2025","04:00","0.0","0.0","0.0","0.0","0.0","57.8","1.45"
"03/02/2025","03:45","0.0","0.0","0.0","0.0","0.0","57.8","1.46"
"03/02/2025","03:30","0.0","0.0","0.0","0.0","0.0","57.8","1.46"
"03/02/2025","03:15","0.0","0.0","0.0","0.0","0.0","57.8","1.46"
"03/02/2025","03:00","0.0","0.0","0.0","0.0","0.0","57.8","1.46"
"03/02/2025","02:45","0.0","0.0","0.0","0.0","0.0","57.8","1.45"
"03/02/2025","02:30","0.0","0.0","0.0","0.0","0.0","57.8","1.44"
"03/02/2025","02:15","0.0","0.0","0.0","0.0","0.0","57.8","1.44"
"03/02/2025","02:00","0.0","0.0","0.0","0.0","0.0","57.8","1.43"
"03/02/2025","01:45","0.0","0.0","0.0","0.0","0.0","57.8","1.42"
"03/02/2025","01:30","0.0","0.0","0.0","0.0","0.0","57.8","1.4"
"03/02/2025","01:15","0.0","0.0","0.0","0.0","0.0","57.8","1.39"
"03/02/2025","01:00","0.0","0.0","0.0","0.0","0.0","57.8","1.37"
"03/02/2025","00:45","0.0","0.0","0.0","0.0","0.0","57.8","1.34"
"03/02/2025","00:30","0.0","0.0","0.0","0.0","0.0","57.8","1.31"
"03/02/2025","00:15","0.0","0.0","0.0","0.0","0.0","57.8","1.28"
"03/02/2025","00:00","Dado Nulo","0.0","0.0","0.0","0.0","57.8","999999.0"
"02/02/2025","23:45","0.0","0.0","0.0","0.0","0.0","57.8","1.2"
"02/02/2025","23:30","0.0","0.0","0.0","0.0","0.0","57.8","1.15"
"02/02/2025","23:15","0.0","0.0","0.0","0.0","0.0","57.8","1.12"
"02/02/2025","23:00","0.0","0.0","0.0","0.0","0.0","57.8","1.09"
"02/02/2025","22:45","0.0","0.0","0.0","0.0","0.0","57.8","1.07"
"02/02/2025","22:30","0.0","0.0","0.0","0.0","0.0","57.8","1.06"
"02/02/2025","22:15","0.0","0.0","0.0","0.0","0.0","57.8","1.06"
"02/02/2025","22:00","0.0","0.0","0.0","0.0","0.0","57.8","1.07"
"02/02/2025","21:45","0.0","0.0","0.0","0.0","0.0","57.8","1.07"
"02/02/2025","21:30","0.0","0.0","0.0","0.0","0.0","57.8","1.07"
"02/02/2025","21:15","0.0","0.0","0.0","0.0","0.0","57.8","1.07"
"02/02/2025","21:00","0.0","0.0","0.0","0.0","0.0","57.8","1.08"
"02/02/2025","20:45","0.0","0.0","0.0","0.0","0.0","57.8","1.08"
"02/02/2025","20:30","0.0","0.0","0.0","0.0","0.0","57.8","1.08"
"02/02/2025","20:15","0.0","0.0","0.0","0.0","0.0","57.8","1.09"
"02/02/2025","20:00","0.0","0.0","0.0","0.0","0.0","57.8","1.09"
"02/02/2025","19:45","0.0","0.0","0.0","0.0","0.0","57.8","1.1"
"02/02/2025","19:30","0.0","0.0","0.0","0.0","0.0","57.8","1.1"
"02/02/2025","19:15","0.0","0.0","0.0","0.0","0.0","57.8","1.11"
"02/02/2025","19:00","0.0","0.0","0.0","0.0","0.0","57.8","1.11"
"02/02/2025","18:45","0.0","0.0","0.0","0.0","0.0","57.8","1.12"
"02/02/2025","18:30","0.0","0.0","0.0","0.0","0.0","57.8","1.12"
"02/02/2025","18:15","0.0","0.0","0.0","0.0","0.0","57.8","1.13"
"02/02/2025","18:00","0.0","0.0","0.0","0.0","0.0","57.8","1.13"
"02/02/2025","17:45","0.0","0.0","0.0","0.0","0.0","57.8","1.14"
"02/02/2025","17:30","0.0","0.0","0.0","0.0","0.0","57.8","1.15"
"02/02/2025","17:15","0.0","0.0","0.0","0.0","0.0","57.8","1.15"
"02/02/2025","17:00","0.0","0.0","0.0","0.0","0.0","57.8","1.17"
"02/02/2025","16:45","0.0","0.0","0.0","0.0","0.0","57.8","1.18"
"02/02/2025","16:30","0.0","0.0","0.0","0.0","0.0","57.8","1.19"
"02/02/2025","16:15","0.0","0.0","0.0","0.0","0.0","57.8","1.21"
"02/02/2025","16:00","0.0","0.0","0.0","0.0","0.0","57.8","1.23"
"02/02/2025","15:45","0.0","0.0","0.0","0.0","0.0","57.8","1.25"
"02/02/2025","15:30","0.0","0.0","0.0","0.0","0.0","57.8","1.27"
"02/02/2025","15:15","0.0","0.0","0.0","0.0","0.0","57.8","1.3"
"02/02/2025","15:00","0.0","0.0","0.0","0.0","0.0","57.8","1.32"
"02/02/2025","14:45","0.0","0.0","0.0","0.0","0.0","57.8","1.34"
"02/02/2025","14:30","0.0","0.0","0.0","0.0","0.0","57.8","1.36"
"02/02/2025","14:15","0.0","0.0","0.0","0.0","0.0","57.8","1.38"
"02/02/2025","14:00","0.0","0.0","0.0","0.0","0.0","57.8","1.39"
"02/02/2025","13:45","0.0","0.0","0.0","0.0","0.0","57.8","1.41"
"02/02/2025","13:30","0.0","0.0","0.0","0.0","0.2","57.8","1.42"
"02/02/2025","13:15","0.0","0.0","0.0","0.0","0.2","57.8","1.43"
"02/02/2025","13:00","0.0","0.0","0.0","0.0","0.2","57.8","1.43"
"02/02/2025","12:45","0.0","0.0","0.0","0.0","0.2","57.8","1.44"
"02/02/2025","12:30","0.0","0.0","0.0","0.0","0.2","57.8","1.44"
"02/02/2025","12:15","0.0","0.0","0.0","0.0","0.2","57.8","1.44"
"02/02/2025","12:00","0.0","0.0","0.0","0.0","0.2","57.8","1.43"
"02/02/2025","11:45","0.0","0.0","0.0","0.0","0.2","57.8","1.43"
"02/02/2025","11:30","0.0","0.0","0.0","0.0","0.2","57.8","1.43"
"02/02/2025","11:15","0.0","0.0","0.0","0.0","0.2","57.8","1.42"
"02/02/2025","11:00","0.0","0.0","0.0","0.0","0.2","57.8","1.42"
"02/02/2025","10:45","0.0","0.0","0.0","0.0","0.2","57.8","1.42"
"02/02/2025","10:30","0.0","0.0","0.0","0.0","0.2","57.8","1.42"
"02/02/2025","10:15","0.0","0.0","0.0","0.0","0.2","57.8","1.42"
"02/02/2025","10:00","0.0","0.0","0.0","0.0","0.2","57.8","1.42"
"02/02/2025","09:45","0.0","0.0","0.0","0.0","0.2","57.8","1.42"
"02/02/2025","09:30","0.0","0.0","0.0","0.0","0.2","57.8","1.42"
"02/02/2025","09:15","0.0","0.0","0.0","0.0","0.2","57.8","1.42"
"02/02/2025","09:00","0.0","0.0","0.0","0.0","0.2","57.8","1.42"
"02/02/2025","08:45","Dado Nulo","0.0","0.0","0.0","0.2","57.8","999999.0"
"02/02/2025","08:30","0.0","0.0","0.0","0.0","0.2","57.8","1.41"
"02/02/2025","08:15","0.0","0.0","0.0","0.0","0.2","57.8","1.41"
"02/02/2025","08:00","Dado Nulo","0.0","0.0","0.0","0.2","57.8","999999.0"
"02/02/2025","07:45","0.0","0.0","0.0","0.0","0.2","57.8","1.41"
"02/02/2025","07:30","0.0","0.0","0.0","0.0","0.2","57.8","1.41"
"02/02/2025","07:15","Dado Nulo","0.0","0.0","0.0","0.2","57.8","999999.0"
"02/02/2025","07:00","0.0","0.0","0.0","0.0","0.2","57.8","1.41"
"02/02/2025","06:45","0.0","0.0","0.0","0.0","0.2","57.8","1.41"
"02/02/2025","06:30","0.0","0.0","0.0","0.0","0.2","57.8","1.4"
"02/02/2025","06:15","0.0","0.0","0.0","0.0","0.2","57.8","1.4"
"02/02/2025","06:00","0.0","0.0","0.0","0.0","0.2","57.8","1.4"
"02/02/2025","05:45","Dado Nulo","0.0","0.0","0.0","0.2","57.8","999999.0"
"02/02/2025","05:30","0.0","0.0","0.0","0.0","0.2","57.8","1.39"
"02/02/2025","05:15","0.0","0.0","0.0","0.0","0.2","57.8","1.39"
"02/02/2025","05:00","0.0","0.0","0.0","0.0","0.2","57.8","1.39"
"02/02/2025","04:45","0.0","0.0","0.0","0.0","0.2","57.8","1.39"
"02/02/2025","04:30","0.0","0.0","0.0","0.0","0.2","57.8","1.39"
"02/02/2025","04:15","0.0","0.0","0.0","0.0","0.2","57.8","1.39"
"02/02/2025","04:00","0.0","0.0","0.0","0.0","0.2","57.8","1.4"
"02/02/2025","03:45","0.0","0.0","0.0","0.0","0.2","57.8","1.4"
"02/02/2025","03:30","0.0","0.0","0.0","0.0","0.2","57.8","1.41"
"02/02/2025","03:15","0.0","0.0","0.0","0.0","0.2","57.8","1.42"
"02/02/2025","03:00","0.0","0.0","0.0","0.0","0.2","57.8","1.43"
"02/02/2025","02:45","0.0","0.0","0.0","0.0","0.2","57.8","1.44"
"02/02/2025","02:30","0.0","0.0","0.0","0.0","0.4","57.8","1.45"
"02/02/2025","02:15","0.0","0.0","0.0","0.0","0.4","57.8","1.45"
"02/02/2025","02:00","0.0","0.0","0.0","0.0","0.4","57.8","1.46"
"02/02/2025","01:45","0.0","0.0","0.0","0.0","0.8","57.8","1.46"
"02/02/2025","01:30","0.0","0.0","0.0","0.0","1.2","57.8","1.46"
"02/02/2025","01:15","0.0","0.0","0.0","0.0","1.2","57.8","1.46"
"02/02/2025","01:00","0.0","0.0","0.0","0.0","1.4","57.8","1.46"
"02/02/2025","00:45","0.0","0.0","0.0","0.0","1.4","57.8","1.46"
"02/02/2025","00:30","0.0","0.0","0.0","0.0","1.4","57.8","1.46"
"02/02/2025","00:15","0.0","0.0","0.0","0.0","1.4","57.8","1.46"
"02/02/2025","00:00","0.0","0.0","0.0","0.0","1.4","57.8","1.46"
"01/02/2025","23:45","Dado Nulo","0.0","0.0","0.0","1.4","57.8","999999.0"
"01/02/2025","23:30","0.0","0.0","0.0","0.0","1.4","57.8","1.47"
"01/02/2025","23:15","0.0","0.0","0.0","0.0","1.4","57.8","1.47"
"01/02/2025","23:00","0.0","0.0","0.0","0.0","1.4","57.8","1.48"
"01/02/2025","22:45","0.0","0.0","0.0","0.0","1.4","57.8","1.48"
"01/02/2025","22:30","0.0","0.0","0.0","0.0","1.4","57.8","1.48"
"01/02/2025","22:15","0.0","0.0","0.0","0.0","1.4","57.8","1.48"
"01/02/2025","22:00","0.0","0.0","0.0","0.0","1.4","57.8","1.48"
"01/02/2025","21:45","0.0","0.0","0.0","0.0","1.4","57.8","1.48"
"01/02/2025","21:30","Dado Nulo","0.0","0.0","0.0","1.4","57.8","999999.0"
"01/02/2025","21:15","0.0","0.0","0.0","0.0","1.4","57.8","1.45"
"01/02/2025","21:00","0.0","0.0","0.0","0.0","1.4","57.8","1.43"
"01/02/2025","20:45","0.0","0.0","0.0","0.0","1.4","57.8","1.43"
"01/02/2025","20:30","0.0","0.0","0.0","0.0","1.4","57.8","1.44"
"01/02/2025","20:15","0.0","0.0","0.0","0.0","1.4","57.8","1.45"
"01/02/2025","20:00","0.0","0.0","0.0","0.0","1.4","57.8","1.45"
"01/02/2025","19:45","0.0","0.0","0.0","0.0","1.4","57.8","1.45"
"01/02/2025","19:30","Dado Nulo","0.0","0.0","0.0","1.4","57.8","999999.0"
"01/02/2025","19:15","0.0","0.0","0.0","0.0","1.4","57.8","1.45"
"01/02/2025","19:00","0.0","0.0","0.0","0.0","1.4","57.8","1.44"
"01/02/2025","18:45","Dado Nulo","0.0","0.0","0.0","1.4","57.8","999999.0"
"01/02/2025","18:30","0.0","0.0","0.0","0.0","1.4","57.8","1.44"
"01/02/2025","18:15","0.0","0.0","0.0","0.0","1.4","57.8","1.44"
"01/02/2025","18:00","0.0","0.0","0.0","0.0","1.4","57.8","1.44"
"01/02/2025","17:45","0.0","0.0","0.0","0.0","1.4","57.8","1.45"
"01/02/2025","17:30","0.0","0.0","0.0","0.0","1.4","57.8","1.45"
"01/02/2025","17:15","0.0","0.0","0.0","0.0","1.6","57.8","1.46"
"01/02/2025","17:00","0.0","0.0","0.0","0.0","1.6","57.8","1.46"
"01/02/2025","16:45","0.0","0.0","0.0","0.0","2.0","57.8","1.45"
"01/02/2025","16:30","0.0","0.0","0.0","0.0","4.6","57.8","1.45"
"01/02/2025","16:15","0.0","0.0","0.0","0.0","10.8","57.8","1.44"
"01/02/2025","16:00","0.0","0.0","0.0","0.0","17.6","57.8","1.43"
"01/02/2025","15:45","0.0","0.0","0.0","0.0","20.6","57.8","1.43"
"01/02/2025","15:30","0.0","0.0","0.0","0.0","24.2","57.8","1.43"
"01/02/2025","15:15","0.0","0.0","0.0","0.0","30.8","57.8","1.43"
"01/02/2025","15:00","0.0","0.0","0.0","0.0","30.8","57.8","1.44"
"01/02/2025","14:45","0.0","0.0","0.0","0.0","30.8","57.8","1.45"
"01/02/2025","14:30","0.0","0.0","0.0","0.0","30.8","57.8","1.45"
"01/02/2025","14:15","0.0","0.0","0.0","0.0","30.8","57.8","1.46"
"01/02/2025","14:00","0.0","0.0","0.0","0.0","30.8","57.8","1.46"
"01/02/2025","13:45","0.0","0.0","0.0","0.0","30.8","57.8","1.46"
"01/02/2025","13:30","0.0","0.0","0.0","0.0","30.8","57.8","1.47"
"01/02/2025","13:15","0.0","0.0","0.0","0.0","30.8","57.8","1.47"
"01/02/2025","13:00","0.0","0.0","0.0","0.0","30.8","57.8","1.47"
"01/02/2025","12:45","0.0","0.0","0.0","0.0","30.8","57.8","1.47"
"01/02/2025","12:30","0.0","0.0","0.0","0.0","30.8","57.8","1.48"
"01/02/2025","12:15","Dado Nulo","0.0","0.0","0.0","30.8","57.8","999999.0"
"01/02/2025","12:00","0.0","0.0","0.0","0.0","30.8","57.8","1.49"
"01/02/2025","11:45","0.0","0.0","0.0","0.0","30.8","57.8","1.49"
"01/02/2025","11:30","0.0","0.0","0.0","0.0","30.8","57.8","1.5"
"01/02/2025","11:15","0.0","0.0","0.0","0.0","30.8","57.8","1.5"
"01/02/2025","11:00","0.0","0.0","0.0","0.0","30.8","57.8","1.5"
"01/02/2025","10:45","0.0","0.0","0.0","0.0","30.8","57.8","1.5"
"01/02/2025","10:30","0.0","0.0","0.0","0.0","30.8","57.8","1.5"
"01/02/2025","10:15","0.0","0.0","0.0","0.0","30.8","57.8","1.49"
"01/02/2025","10:00","Dado Nulo","0.0","0.0","0.0","30.8","57.8","999999.0"
"01/02/2025","09:45","0.0","0.0","0.0","0.0","30.8","57.8","1.48"
"01/02/2025","09:30","0.0","0.0","0.0","0.0","31.0","57.8","1.47"
"01/02/2025","09:15","0.0","0.0","0.0","0.0","31.0","57.8","1.46"
"01/02/2025","09:00","0.0","0.0","0.0","0.0","31.0","57.8","1.46"
"01/02/2025","08:45","0.0","0.0","0.0","0.0","31.0","57.8","1.46"
"01/02/2025","08:30","0.0","0.0","0.0","0.0","31.0","57.8","1.47"
"01/02/2025","08:15","0.0","0.0","0.0","0.0","31.0","57.8","1.48"
"01/02/2025","08:00","0.0","0.0","0.0","0.0","31.0","57.8","1.49"
"01/02/2025","07:45","0.0","0.0","0.0","0.0","31.0","57.8","1.5"
"01/02/2025","07:30","0.0","0.0","0.0","0.0","31.0","57.8","1.5"
"01/02/2025","07:15","0.0","0.0","0.0","0.0","31.0","57.8","1.5"
"01/02/2025","07:00","0.0","0.0","0.0","0.0","31.0","57.8","1.49"
"01/02/2025","06:45","0.0","0.0","0.0","0.0","31.0","57.8","1.48"
"01/02/2025","06:30","0.0","0.0","0.0","0.0","31.0","57.8","1.47"
"01/02/2025","06:15","0.0","0.0","0.0","0.0","31.0","57.8","1.46"
"01/02/2025","06:00","0.0","0.0","0.0","0.0","31.0","57.8","1.46"
"01/02/2025","05:45","0.0","0.0","0.0","0.0","31.0","57.8","1.46"
"01/02/2025","05:30","0.0","0.0","0.0","0.0","31.0","57.8","1.47"
"01/02/2025","05:15","0.0","0.0","0.0","0.0","31.0","57.8","1.48"
"01/02/2025","05:00","0.0","0.0","0.0","0.0","31.0","57.8","1.49"
"01/02/2025","04:45","0.0","0.0","0.0","0.0","31.0","57.8","1.5"
"01/02/2025","04:30","0.0","0.0","0.0","0.0","31.0","57.8","1.51"
"01/02/2025","04:15","0.0","0.0","0.0","0.0","31.0","57.8","1.52"
"01/02/2025","04:00","0.0","0.0","0.0","0.0","31.0","57.8","1.52"
"01/02/2025","03:45","0.0","0.0","0.0","0.0","31.0","57.8","1.53"
"01/02/2025","03:30","0.0","0.0","0.0","0.0","31.0","57.8","1.53"
"01/02/2025","03:15","0.0","0.0","0.0","0.0","31.0","57.8","1.53"
"01/02/2025","03:00","0.0","0.0","0.0","0.0","31.0","57.8","1.53"
"01/02/2025","02:45","0.0","0.0","0.0","0.0","31.0","57.8","1.52"
"01/02/2025","02:30","0.0","0.0","0.0","0.0","31.0","57.8","1.52"
"01/02/2025","02:15","0.0","0.0","0.0","0.0","31.0","57.8","1.52"
"01/02/2025","02:00","0.0","0.0","0.0","0.0","31.0","57.8","1.52"
"01/02/2025","01:45","0.0","0.0","0.0","0.0","31.0","57.8","1.51"
"01/02/2025","01:30","0.0","0.0","0.0","0.0","31.0","57.8","1.51"
"01/02/2025","01:15","0.0","0.0","0.0","0.0","31.0","57.8","1.51"
"01/02/2025","01:00","0.0","0.0","0.0","0.0","31.0","57.8","1.51"
"01/02/2025","00:45","0.0","0.0","0.0","0.0","31.0","57.8","1.51"
"01/02/2025","00:30","0.0","0.0","0.0","0.0","31.0","57.8","1.51"
"01/02/2025","00:15","0.0","0.0","0.0","0.0","31.0","57.8","1.52"
"01/02/2025","00:00","0.0","0.0","0.0","0.0","31.0","57.8","1.52"
"31/01/2025","23:45","0.0","0.0","0.0","0.0","31.0","57.8","1.53"
"31/01/2025","23:30","0.0","0.0","0.0","0.0","31.0","57.8","1.55"
"31/01/2025","23:15","0.0","0.0","0.0","0.0","31.4","57.8","1.56"
"31/01/2025","23:00","0.0","0.0","0.0","0.0","32.8","57.8","1.57"
"31/01/2025","22:45","Dado Nulo","0.0","0.0","0.0","32.8","57.8","999999.0"
"31/01/2025","22:30","0.0","0.0","0.0","0.0","32.8","57.8","1.59"
"31/01/2025","22:15","0.0","0.0","0.0","0.0","32.8","57.8","1.59"
"31/01/2025","22:00","0.0","0.0","0.0","0.0","32.8","57.8","1.59"
"31/01/2025","21:45","0.0","0.0","0.0","0.0","32.8","57.8","1.58"
"31/01/2025","21:30","0.0","0.0","0.0","0.0","32.8","57.8","1.56"
"31/01/2025","21:15","0.0","0.0","0.0","0.0","32.8","57.8","1.54"
"31/01/2025","21:00","0.0","0.0","0.0","0.0","32.8","57.8","1.52"
"31/01/2025","20:45","0.0","0.0","0.0","0.0","32.8","57.8","1.5"
"31/01/2025","20:30","0.0","0.0","0.0","0.0","32.8","57.8","1.48"
"31/01/2025","20:15","0.0","0.0","0.0","0.0","32.8","57.8","1.47"
"31/01/2025","20:00","0.0","0.0","0.0","0.0","32.8","57.8","1.48"
"31/01/2025","19:45","0.0","0.0","0.0","0.0","32.8","57.8","1.49"
"31/01/2025","19:30","0.0","0.0","0.0","0.0","32.8","57.8","1.51"
"31/01/2025","19:15","0.0","0.0","0.0","0.0","32.8","57.8","1.54"
"31/01/2025","19:00","0.0","0.0","0.0","0.0","32.8","57.8","1.56"
"31/01/2025","18:45","0.0","0.0","0.0","0.0","32.8","57.8","1.58"
"31/01/2025","18:30","0.0","0.0","0.0","0.0","32.8","57.8","1.59"
"31/01/2025","18:15","0.0","0.0","0.0","0.0","32.8","57.8","1.6"
"31/01/2025","18:00","0.0","0.0","0.0","0.0","32.8","57.8","1.6"
"31/01/2025","17:45","0.0","0.0","0.0","0.0","32.8","57.8","1.59"
"31/01/2025","17:30","0.0","0.0","0.0","0.0","32.8","57.8","1.59"
"31/01/2025","17:15","0.0","0.0","0.0","0.0","32.8","57.8","1.58"
"31/01/2025","17:00","0.0","0.0","0.0","0.0","32.8","57.8","1.58"
"31/01/2025","16:45","0.0","0.0","0.0","0.0","32.8","57.8","1.58"
"31/01/2025","16:30","0.0","0.0","0.0","0.0","32.8","57.8","1.58"
"31/01/2025","16:15","0.0","0.0","0.0","0.0","32.8","57.8","1.58"
"31/01/2025","16:00","0.0","0.0","0.0","0.0","32.8","57.8","1.57"
"31/01/2025","15:45","0.0","0.0","0.0","0.0","32.8","57.8","1.58"
"31/01/2025","15:30","0.0","0.0","0.0","0.0","32.8","57.8","1.58"
"31/01/2025","15:15","0.0","0.0","0.0","0.0","32.8","57.8","1.6"
"31/01/2025","15:00","0.0","0.0","0.0","0.0","32.8","57.8","1.61"
"31/01/2025","14:45","0.0","0.0","0.0","0.0","32.8","57.8","1.64"
"31/01/2025","14:30","0.0","0.0","0.0","0.0","32.8","57.8","1.66"
"31/01/2025","14:15","0.0","0.0","0.0","0.0","32.8","57.8","1.68"
"31/01/2025","14:00","0.0","0.0","0.0","0.0","32.8","57.8","1.68"
"31/01/2025","13:45","0.0","0.0","0.0","0.0","32.8","57.8","1.68"
"31/01/2025","13:30","0.0","0.0","0.0","0.0","32.8","57.8","1.67"
"31/01/2025","13:15","0.0","0.0","0.0","0.0","32.8","57.8","1.66"
"31/01/2025","13:00","0.0","0.0","0.0","0.0","32.8","57.8","1.65"
"31/01/2025","12:45","0.0","0.0","0.0","0.0","32.8","57.8","1.63"
"31/01/2025","12:30","0.0","0.0","0.0","0.0","32.8","57.8","1.61"
"31/01/2025","12:15","0.0","0.0","0.0","0.0","32.8","57.8","1.59"
"31/01/2025","12:00","0.0","0.0","0.0","0.0","32.8","57.8","1.58"
"31/01/2025","11:45","0.0","0.0","0.0","0.0","32.8","57.8","1.57"
"31/01/2025","11:30","0.0","0.0","0.0","0.0","32.8","57.8","1.59"
"31/01/2025","11:15","0.0","0.0","0.0","0.0","32.8","57.8","1.62"
"31/01/2025","11:00","0.0","0.0","0.0","0.0","32.8","57.8","1.67"
"31/01/2025","10:45","0.0","0.0","0.0","0.0","32.8","57.8","1.7"
"31/01/2025","10:30","Dado Nulo","0.0","0.0","0.0","32.8","57.8","999999.0"
"31/01/2025","10:15","0.0","0.0","0.0","0.0","32.8","57.8","1.72"
"31/01/2025","10:00","Dado Nulo","0.0","0.0","0.0","33.0","57.8","999999.0"
"31/01/2025","09:45","0.0","0.0","0.0","0.0","33.0","57.8","1.73"
"31/01/2025","09:30","0.0","0.0","0.0","0.0","33.0","57.8","1.74"
"31/01/2025","09:15","Dado Nulo","0.0","0.0","0.0","33.0","57.8","999999.0"
"31/01/2025","09:00","0.0","0.0","0.0","0.0","33.0","57.8","1.75"
"31/01/2025","08:45","0.0","0.0","0.0","0.0","33.0","57.8","1.75"
"31/01/2025","08:30","0.0","0.0","0.0","0.0","33.0","57.8","1.76"
"31/01/2025","08:15","0.0","0.0","0.0","0.0","33.0","57.8","1.76"
"31/01/2025","08:00","Dado Nulo","0.0","0.0","0.0","33.0","57.8","999999.0"
"31/01/2025","07:45","0.0","0.0","0.0","0.0","33.0","57.8","1.77"
"31/01/2025","07:30","0.0","0.0","0.0","0.0","33.0","57.8","1.78"
"31/01/2025","07:15","0.0","0.0","0.0","0.0","33.0","57.8","1.78"
"31/01/2025","07:00","0.0","0.0","0.0","0.0","33.0","57.8","1.78"
"31/01/2025","06:45","0.0","0.0","0.0","0.0","33.0","57.8","1.78"
"31/01/2025","06:30","0.0","0.0","0.0","0.0","33.0","57.8","1.78"
"31/01/2025","06:15","0.0","0.0","0.0","0.0","33.0","57.8","1.78"
"31/01/2025","06:00","0.0","0.0","0.0","0.0","33.0","57.8","1.78"
"31/01/2025","05:45","0.0","0.0","0.0","0.0","33.0","57.8","1.77"
"31/01/2025","05:30","0.0","0.0","0.0","0.0","33.0","57.8","1.76"
"31/01/2025","05:15","Dado Nulo","0.0","0.0","0.0","33.0","57.8","999999.0"
"31/01/2025","05:00","0.0","0.0","0.0","0.0","33.0","57.8","1.73"
"31/01/2025","04:45","0.0","0.0","0.0","0.0","33.0","57.8","1.71"
"31/01/2025","04:30","0.0","0.0","0.0","0.0","33.0","57.8","1.7"
"31/01/2025","04:15","0.0","0.0","0.0","0.0","33.0","57.8","1.68"
"31/01/2025","04:00","Dado Nulo","0.0","0.0","0.0","33.0","57.8","999999.0"
"31/01/2025","03:45","0.0","0.0","0.0","0.0","33.0","57.8","1.64"
"31/01/2025","03:30","0.0","0.0","0.0","0.0","33.0","57.8","1.64"
"31/01/2025","03:15","0.0","0.0","0.0","0.0","33.0","57.8","1.65"
"31/01/2025","03:00","0.0","0.0","0.0","0.0","33.0","57.8","1.69"
"31/01/2025","02:45","Dado Nulo","0.0","0.0","0.0","33.0","57.8","999999.0"
"31/01/2025","02:30","0.0","0.0","0.0","0.0","33.0","57.8","1.78"
"31/01/2025","02:15","0.0","0.0","0.0","0.0","33.0","57.8","1.8"
"31/01/2025","02:00","0.0","0.0","0.0","0.0","33.0","57.8","1.81"
"31/01/2025","01:45","0.0","0.0","0.0","0.0","33.0","57.8","1.81"
"31/01/2025","01:30","0.0","0.0","0.0","0.0","33.0","57.8","1.82"
"31/01/2025","01:15","0.0","0.0","0.0","0.0","33.0","57.8","1.83"
"31/01/2025","01:00","0.0","0.0","0.0","0.0","33.0","57.8","1.84"
"31/01/2025","00:45","0.0","0.0","0.0","0.0","33.0","57.8","1.84"
"31/01/2025","00:30","0.0","0.0","0.0","0.0","33.0","57.8","1.85"
"31/01/2025","00:15","Dado Nulo","0.0","0.0","0.0","33.0","57.8","999999.0"
"31/01/2025","00:00","0.0","0.0","0.0","0.0","33.0","57.8","1.87"
"30/01/2025","23:45","0.0","0.0","0.0","0.0","33.0","57.8","1.88"
"30/01/2025","23:30","0.0","0.0","0.0","0.0","33.0","57.8","1.89"
"30/01/2025","23:15","Dado Nulo","0.0","0.0","0.0","33.0","57.8","999999.0"
"30/01/2025","23:00","0.0","0.0","0.0","0.0","33.0","57.8","1.9"
"30/01/2025","22:45","0.0","0.0","0.0","0.0","33.0","57.8","1.91"
"30/01/2025","22:30","0.0","0.0","0.0","0.0","33.0","57.8","1.92"
"30/01/2025","22:15","0.0","0.0","0.0","0.0","33.0","57.8","1.93"
"30/01/2025","22:00","0.0","0.0","0.0","0.0","33.0","57.8","1.94"
"30/01/2025","21:45","0.0","0.0","0.0","0.0","33.0","57.8","1.94"
"30/01/2025","21:30","0.0","0.0","0.0","0.0","33.0","57.8","1.95"
"30/01/2025","21:15","0.0","0.0","0.0","0.0","33.0","57.8","1.95"
"30/01/2025","21:00","0.0","0.0","0.0","0.0","33.0","57.8","1.96"
"30/01/2025","20:45","0.0","0.0","0.0","0.0","33.0","57.8","1.97"
"30/01/2025","20:30","0.0","0.0","0.0","0.0","33.0","57.8","1.98"
"30/01/2025","20:15","0.0","0.0","0.0","0.0","33.0","57.8","1.98"
"30/01/2025","20:00","0.0","0.0","0.0","0.0","33.0","57.8","1.99"
"30/01/2025","19:45","0.0","0.0","0.0","0.0","33.0","57.8","2.0"
"30/01/2025","19:30","0.0","0.0","0.0","0.0","33.0","57.8","2.01"
"30/01/2025","19:15","0.0","0.0","0.0","0.0","33.0","57.8","2.02"
"30/01/2025","19:00","0.0","0.0","0.0","0.0","33.0","57.8","2.04"
"30/01/2025","18:45","0.0","0.0","0.0","0.0","33.0","57.8","2.05"
"30/01/2025","18:30","0.0","0.0","0.0","0.0","33.0","57.8","2.06"
"30/01/2025","18:15","0.0","0.0","0.0","0.0","33.0","57.8","2.07"
"30/01/2025","18:00","Dado Nulo","0.0","0.0","0.0","33.4","57.8","999999.0"
"30/01/2025","17:45","0.0","0.0","0.0","0.0","34.6","57.8","2.1"
"30/01/2025","17:30","0.0","0.0","0.0","0.0","45.0","57.8","2.11"
"30/01/2025","17:15","0.0","0.0","0.0","0.0","57.8","57.8","2.11"
"30/01/2025","17:00","0.0","0.0","0.0","0.0","57.8","57.8","2.11"
"30/01/2025","16:45","0.0","0.0","0.0","0.0","57.8","57.8","2.1"
"30/01/2025","16:30","0.0","0.0","0.0","0.0","57.8","57.8","2.08"
"30/01/2025","16:15","0.0","0.0","0.0","0.0","57.8","57.8","2.06"
"30/01/2025","16:00","0.0","0.0","0.0","0.0","57.8","57.8","2.02"
"30/01/2025","15:45","0.0","0.0","0.0","0.0","57.8","57.8","1.99"
"30/01/2025","15:30","0.0","0.0","0.0","0.0","57.8","57.8","1.97"
"30/01/2025","15:15","Dado Nulo","0.0","0.0","0.0","57.8","57.8","999999.0"
"30/01/2025","15:00","0.0","0.0","0.0","0.0","57.8","57.8","1.98"
"30/01/2025","14:45","0.0","0.0","0.0","0.0","57.8","57.8","2.03"
"30/01/2025","14:30","0.0","0.0","0.0","0.0","57.8","57.8","2.07"
"30/01/2025","14:15","0.0","0.0","0.0","0.0","57.8","57.8","2.11"
"30/01/2025","14:00","Dado Nulo","0.0","0.0","0.0","57.8","57.8","999999.0"
"30/01/2025","13:45","0.0","0.0","0.0","0.0","57.8","57.8","2.15"
"30/01/2025","13:30","0.0","0.0","0.0","0.2","57.8","57.8","2.17"
"30/01/2025","13:15","0.0","0.0","0.0","0.2","57.8","57.8","2.18"
"30/01/2025","13:00","0.0","0.0","0.0","0.2","57.8","57.8","2.19"
"30/01/2025","12:45","0.0","0.0","0.0","0.2","57.8","57.8","2.2"
"30/01/2025","12:30","0.0","0.0","0.0","0.2","57.8","57.8","2.22"
"30/01/2025","12:15","0.0","0.0","0.0","0.2","57.8","57.8","2.23"
"30/01/2025","12:00","0.0","0.0","0.0","0.2","57.8","57.8","2.24"
"30/01/2025","11:45","0.0","0.0","0.0","0.2","57.8","57.8","2.25"
"30/01/2025","11:30","0.0","0.0","0.0","0.2","57.8","57.8","2.25"
"30/01/2025","11:15","0.0","0.0","0.0","0.2","57.8","57.8","2.25"
"30/01/2025","11:00","Dado Nulo","0.0","0.0","0.2","57.8","57.8","999999.0"
"30/01/2025","10:45","0.0","0.0","0.0","0.2","57.8","57.8","2.23"
"30/01/2025","10:30","0.0","0.0","0.0","0.2","57.8","57.8","2.21"
"30/01/2025","10:15","0.0","0.0","0.0","0.2","57.8","57.8","2.18"
"30/01/2025","10:00","0.0","0.0","0.0","0.2","57.8","57.8","2.15"
"30/01/2025","09:45","0.0","0.0","0.0","0.2","57.8","57.8","2.14"
"30/01/2025","09:30","0.0","0.0","0.0","0.2","57.8","57.8","2.13"
"30/01/2025","09:15","0.0","0.0","0.0","0.2","57.8","57.8","2.16"
"30/01/2025","09:00","0.0","0.0","0.0","0.2","57.8","57.8","2.2"
"30/01/2025","08:45","Dado Nulo","0.0","0.0","0.2","57.8","57.8","999999.0"
"30/01/2025","08:30","0.0","0.0","0.0","0.2","57.8","57.8","2.27"
"30/01/2025","08:15","0.0","0.0","0.0","0.2","57.8","57.8","2.28"
"30/01/2025","08:00","0.0","0.0","0.0","0.2","57.8","57.8","2.28"
"30/01/2025","07:45","Dado Nulo","0.0","0.0","0.2","57.8","57.8","999999.0"
"30/01/2025","07:30","0.0","0.0","0.0","0.2","57.8","57.8","2.3"
"30/01/2025","07:15","0.0","0.0","0.0","0.2","57.8","57.8","2.31"
"30/01/2025","07:00","0.0","0.0","0.0","0.2","57.8","57.8","2.31"
"30/01/2025","06:45","0.0","0.0","0.0","0.2","57.8","57.8","2.32"
"30/01/2025","06:30","0.0","0.0","0.0","0.2","57.8","57.8","2.33"
"30/01/2025","06:15","0.0","0.0","0.0","0.2","57.8","57.8","2.34"
"30/01/2025","06:00","0.0","0.0","0.0","0.2","57.8","57.8","2.35"
"30/01/2025","05:45","0.0","0.0","0.0","0.2","57.8","57.8","2.36"
"30/01/2025","05:30","0.0","0.0","0.0","0.2","57.8","57.8","2.37"
"30/01/2025","05:15","0.0","0.0","0.0","0.2","57.8","57.8","2.37"
"30/01/2025","05:00","0.0","0.0","0.0","0.2","57.8","57.8","2.38"
"30/01/2025","04:45","0.0","0.0","0.0","0.2","57.8","57.8","2.38"
"30/01/2025","04:30","0.0","0.0","0.0","0.2","57.8","57.8","2.37"
"30/01/2025","04:15","0.0","0.0","0.0","0.2","57.8","57.8","2.35"
"30/01/2025","04:00","0.0","0.0","0.0","0.2","57.8","57.8","2.33"
"30/01/2025","03:45","0.0","0.0","0.0","0.2","57.8","57.8","2.3"
"30/01/2025","03:30","0.0","0.0","0.0","0.2","57.8","57.8","2.27"
"30/01/2025","03:15","0.0","0.0","0.0","0.2","57.8","57.8","2.24"
"30/01/2025","03:00","0.0","0.0","0.0","0.2","57.8","57.8","2.24"
"30/01/2025","02:45","0.0","0.0","0.0","0.2","57.8","57.8","2.27"
"30/01/2025","02:30","0.0","0.0","0.0","0.4","57.8","57.8","2.32"
"30/01/2025","02:15","0.0","0.0","0.0","0.4","57.8","57.8","2.35"
"30/01/2025","02:00","0.0","0.0","0.0","0.4","57.8","57.8","2.36"
"30/01/2025","01:45","Dado Nulo","0.0","0.0","0.8","57.8","57.8","999999.0"
"30/01/2025","01:30","0.0","0.0","0.0","1.2","57.8","57.8","2.37"
"30/01/2025","01:15","0.0","0.0","0.0","1.2","57.8","57.8","2.37"
"30/01/2025","01:00","0.0","0.0","0.0","1.4","57.8","57.8","2.38"
"30/01/2025","00:45","0.0","0.0","0.0","1.4","57.8","57.8","2.38"
"30/01/2025","00:30","0.0","0.0","0.0","1.4","57.8","57.8","2.39"
"30/01/2025","00:15","0.0","0.0","0.0","1.4","57.8","57.8","2.4"
"30/01/2025","00:00","Dado Nulo","0.0","0.0","1.4","57.8","57.8","999999.0"
"29/01/2025","23:45","0.0","0.0","0.0","1.4","57.8","57.8","2.42"
"29/01/2025","23:30","0.0","0.0","0.0","1.4","57.8","57.8","2.43"
"29/01/2025","23:15","0.0","0.0","0.0","1.4","57.8","57.8","2.44"
"29/01/2025","23:00","Dado Nulo","0.0","0.0","1.4","57.8","57.8","999999.0"
"29/01/2025","22:45","0.0","0.0","0.0","1.4","57.8","57.8","2.45"
"29/01/2025","22:30","0.0","0.0","0.0","1.4","57.8","57.8","2.45"
"29/01/2025","22:15","0.0","0.0","0.0","1.4","57.8","57.8","2.44"
"29/01/2025","22:00","0.0","0.0","0.0","1.4","57.8","57.8","2.4"
"29/01/2025","21:45","0.0","0.0","0.0","1.4","57.8","57.8","2.35"
"29/01/2025","21:30","0.0","0.0","0.0","1.4","57.8","57.8","2.28"
"29/01/2025","21:15","0.0","0.0","0.0","1.4","57.8","57.8","2.21"
"29/01/2025","21:00","0.0","0.0","0.0","1.4","57.8","57.8","2.16"
"29/01/2025","20:45","Dado Nulo","0.0","0.0","1.4","57.8","57.8","999999.0"
"29/01/2025","20:30","0.0","0.0","0.0","1.4","57.8","57.8","2.22"
"29/01/2025","20:15","0.0","0.0","0.0","1.4","57.8","57.8","2.3"
"29/01/2025","20:00","Dado Nulo","0.0","0.0","1.4","57.8","57.8","999999.0"
"29/01/2025","19:45","0.0","0.0","0.0","1.4","57.8","57.8","2.38"
"29/01/2025","19:30","0.0","0.0","0.0","1.4","57.8","57.8","2.39"
"29/01/2025","19:15","0.0","0.0","0.0","1.4","57.8","57.8","2.39"
"29/01/2025","19:00","0.0","0.0","0.0","1.4","57.8","57.8","2.39"
"29/01/2025","18:45","Dado Nulo","0.0","0.0","1.4","57.8","57.8","999999.0"
"29/01/2025","18:30","0.0","0.0","0.0","1.4","57.8","57.8","2.38"
"29/01/2025","18:15","0.0","0.0","0.0","1.4","57.8","57.8","2.37"
"29/01/2025","18:00","0.0","0.0","0.0","1.4","57.8","57.8","2.35"
"29/01/2025","17:45","0.0","0.0","0.0","1.4","57.8","57.8","2.31"
"29/01/2025","17:30","0.0","0.0","0.2","1.4","57.8","57.8","2.28"
"29/01/2025","17:15","0.0","0.0","0.2","1.6","57.8","57.8","2.25"
"29/01/2025","17:00","0.0","0.0","0.2","1.6","57.8","57.8","2.24"
"29/01/2025","16:45","0.0","0.0","0.2","2.0","57.8","57.8","2.24"
"29/01/2025","16:30","0.0","0.0","0.2","4.6","57.8","57.8","2.25"
"29/01/2025","16:15","0.0","0.0","0.2","10.8","57.8","57.8","2.23"
"29/01/2025","16:00","Dado Nulo","0.0","0.2","17.6","57.8","57.8","999999.0"
"29/01/2025","15:45","0.0","0.0","0.2","20.6","57.8","57.8","2.14"
"29/01/2025","15:30","Dado Nulo","0.0","0.2","24.2","57.8","57.8","999999.0"
"29/01/2025","15:15","0.0","0.0","0.2","30.8","57.8","57.8","2.12"
"29/01/2025","15:00","0.0","0.0","0.2","30.8","57.8","57.8","2.14"
"29/01/2025","14:45","0.0","0.0","0.2","30.8","57.8","57.8","2.17"
"29/01/2025","14:30","Dado Nulo","0.2","0.2","30.8","57.8","57.8","999999.0"
"29/01/2025","14:15","0.0","0.2","0.2","30.8","57.8","57.8","2.2"
"29/01/2025","14:00","0.0","0.2","0.2","30.8","57.8","57.8","2.2"
"29/01/2025","13:45","0.2","0.2","0.2","30.8","57.8","57.8","2.19"
"29/01/2025","13:30","0.0","0.0","0.0","30.6","57.6","57.6","2.16"
"29/01/2025","13:15","0.0","0.0","0.0","30.6","57.6","57.6","2.13"
"29/01/2025","13:00","0.0","0.0","0.0","30.6","57.6","57.6","2.09"
"29/01/2025","12:45","0.0","0.0","0.0","30.6","57.6","57.6","2.04"
"29/01/2025","12:30","0.0","0.0","0.0","30.6","57.6","57.6","1.98"
"29/01/2025","12:15","0.0","0.0","0.0","30.6","57.6","57.6","1.93"
"29/01/2025","12:00","0.0","0.0","0.0","30.6","57.6","57.6","1.88"
"29/01/2025","11:45","0.0","0.0","0.0","30.6","57.6","57.6","1.86"
"29/01/2025","11:30","0.0","0.0","0.0","30.6","57.6","57.6","1.87"
"29/01/2025","11:15","Dado Nulo","0.0","0.0","30.6","57.6","57.6","999999.0"
"29/01/2025","11:00","0.0","0.0","0.0","30.6","57.6","57.6","1.93"
"29/01/2025","10:45","0.0","0.0","0.0","30.6","57.6","57.6","1.95"
"29/01/2025","10:30","0.0","0.0","0.0","30.6","57.6","57.6","1.95"
"29/01/2025","10:15","Dado Nulo","0.0","0.0","30.6","57.6","57.6","999999.0"
"29/01/2025","10:00","0.0","0.0","0.0","30.6","57.6","57.6","1.94"
"29/01/2025","09:45","0.0","0.0","0.0","30.6","57.6","57.6","1.93"
"29/01/2025","09:30","0.0","0.0","0.0","30.8","57.6","57.6","1.93"
"29/01/2025","09:15","0.0","0.0","0.0","30.8","57.6","57.6","1.92"
"29/01/2025","09:00","0.0","0.0","0.0","30.8","57.6","57.6","1.92"
"29/01/2025","08:45","0.0","0.0","0.0","30.8","57.6","57.6","1.91"
"29/01/2025","08:30","0.0","0.0","0.0","30.8","57.6","57.6","1.91"
"29/01/2025","08:15","0.0","0.0","0.0","30.8","57.6","57.6","1.9"
"29/01/2025","08:00","Dado Nulo","0.0","0.0","30.8","57.6","57.6","999999.0"
"29/01/2025","07:45","0.0","0.0","0.0","30.8","57.6","57.6","1.89"
"29/01/2025","07:30","0.0","0.0","0.0","30.8","57.6","57.6","1.88"
"29/01/2025","07:15","0.0","0.0","0.0","30.8","57.6","57.6","1.88"
"29/01/2025","07:00","0.0","0.0","0.0","30.8","57.6","57.6","1.88"
"29/01/2025","06:45","0.0","0.0","0.0","30.8","57.6","57.6","1.88"
"29/01/2025","06:30","0.0","0.0","0.2","30.8","57.6","57.6","1.88"
"29/01/2025","06:15","0.0","0.0","0.2","30.8","57.6","57.6","1.88"
"29/01/2025","06:00","0.0","0.0","0.2","30.8","57.6","57.6","1.88"
"29/01/2025","05:45","0.0","0.0","0.6","30.8","57.6","57.6","1.88"
"29/01/2025","05:30","0.0","0.0","1.0","30.8","57.6","57.6","1.88"
"29/01/2025","05:15","0.0","0.0","1.0","30.8","57.6","57.6","1.88"
"29/01/2025","05:00","0.0","0.0","1.2","30.8","57.6","57.6","1.88"
"29/01/2025","04:45","0.0","0.0","1.2","30.8","57.6","57.6","1.88"
"29/01/2025","04:30","Dado Nulo","0.0","1.2","30.8","57.6","57.6","999999.0"
"29/01/2025","04:15","0.0","0.0","1.2","30.8","57.6","57.6","1.88"
"29/01/2025","04:00","0.0","0.0","1.2","30.8","57.6","57.6","1.88"
"29/01/2025","03:45","0.0","0.0","1.2","30.8","57.6","57.6","1.88"
"29/01/2025","03:30","0.0","0.2","1.2","30.8","57.6","57.6","1.88"
"29/01/2025","03:15","0.0","0.2","1.2","30.8","57.6","57.6","1.88"
"29/01/2025","03:00","0.0","0.2","1.2","30.8","57.6","57.6","1.88"
"29/01/2025","02:45","0.2","0.6","1.2","30.8","57.6","57.6","1.87"
"29/01/2025","02:30","0.0","0.8","1.0","30.6","57.4","57.4","1.87"
"29/01/2025","02:15","0.0","0.8","1.0","30.6","57.4","57.4","1.86"
"29/01/2025","02:00","0.4","1.0","1.0","30.6","57.4","57.4","1.85"
"29/01/2025","01:45","0.4","0.6","0.6","30.2","57.0","57.0","1.84"
"29/01/2025","01:30","0.0","0.2","0.2","29.8","56.6","56.6","1.82"
"29/01/2025","01:15","0.2","0.2","0.2","29.8","56.6","56.6","1.81"
"29/01/2025","01:00","Dado Nulo","0.0","0.0","29.6","56.4","56.4","999999.0"
"29/01/2025","00:45","0.0","0.0","0.0","29.6","56.4","56.4","1.76"
"29/01/2025","00:30","0.0","0.0","0.0","29.6","56.4","56.4","1.74"
"29/01/2025","00:15","0.0","0.0","0.0","29.6","56.4","56.4","1.71"
"29/01/2025","00:00","0.0","0.0","0.0","29.6","56.4","56.4","1.69"
"28/01/2025","23:45","0.0","0.0","0.0","29.6","56.4","56.4","1.66"
"28/01/2025","23:30","0.0","0.0","0.0","29.6","56.4","56.4","1.64"
"28/01/2025","23:15","0.0","0.0","0.0","30.0","56.4","56.4","1.62"
"28/01/2025","23:00","0.0","0.0","0.0","31.4","56.4","56.4","1.6"
"28/01/2025","22:45","0.0","0.0","0.0","31.4","56.4","56.4","1.59"
"28/01/2025","22:30","0.0","0.0","0.0","31.4","56.4","56.4","1.6"
"28/01/2025","22:15","0.0","0.0","0.0","31.4","56.4","56.4","1.63"
"28/01/2025","22:00","0.0","0.0","0.0","31.4","56.4","56.4","1.66"
"28/01/2025","21:45","0.0","0.0","0.0","31.4","56.4","56.4","1.68"
"28/01/2025","21:30","0.0","0.0","0.0","31.4","56.4","56.4","1.68"
"28/01/2025","21:15","0.0","0.0","0.2","31.4","56.4","56.4","1.68"
"28/01/2025","21:00","0.0","0.0","0.2","31.4","56.4","56.4","1.68"
"28/01/2025","20:45","0.0","0.0","0.6","31.4","56.4","56.4","1.68"
"28/01/2025","20:30","0.0","0.0","3.2","31.4","56.4","56.4","1.68"
"28/01/2025","20:15","0.0","0.0","9.4","31.4","56.4","56.4","1.67"
"28/01/2025","20:00","0.0","0.0","16.2","31.4","56.4","56.4","1.67"
"28/01/2025","19:45","0.0","0.0","19.2","31.4","56.4","56.4","1.66"
"28/01/2025","19:30","0.0","0.0","22.8","31.4","56.4","56.4","1.65"
"28/01/2025","19:15","0.0","0.0","29.4","31.4","56.4","56.4","1.64"
"28/01/2025","19:00","0.0","0.0","29.4","31.4","56.4","56.4","1.62"
"28/01/2025","18:45","0.0","0.0","29.4","31.4","56.4","56.4","1.6"
"28/01/2025","18:30","0.0","0.0","29.4","31.4","56.4","56.4","1.59"
"28/01/2025","18:15","0.0","0.2","29.4","31.4","56.4","56.4","1.57"
"28/01/2025","18:00","Dado Nulo","0.2","29.4","31.4","56.4","56.4","999999.0"
"28/01/2025","17:45","0.0","0.6","29.4","31.4","56.4","56.4","1.57"
"28/01/2025","17:30","0.2","3.2","29.4","31.4","56.4","56.4","1.6"
"28/01/2025","17:15","0.0","9.2","29.2","31.2","56.2","56.2","1.65"
"28/01/2025","17:00","0.4","16.0","29.2","31.2","56.2","56.2","1.69"
"28/01/2025","16:45","2.6","18.6","28.8","30.8","55.8","55.8","1.7"
"28/01/2025","16:30","6.2","19.6","26.2","28.2","53.2","53.2","1.68"
"28/01/2025","16:15","6.8","20.0","20.0","22.0","47.0","47.0","1.61"
"28/01/2025","16:00","3.0","13.2","13.2","15.2","40.2","40.2","1.56"
"28/01/2025","15:45","3.6","10.2","10.2","12.2","37.2","37.2","1.53"
"28/01/2025","15:30","6.6","6.6","6.6","8.6","33.6","33.6","1.49"
"28/01/2025","15:15","0.0","0.0","0.0","2.0","27.0","27.0","1.49"
"28/01/2025","15:00","0.0","0.0","0.0","2.0","27.0","27.0","1.51"
"28/01/2025","14:45","0.0","0.0","0.0","2.0","27.0","27.0","1.54"
"28/01/2025","14:30","0.0","0.0","0.0","2.0","27.0","27.0","1.56"
"28/01/2025","14:15","0.0","0.0","0.0","2.0","27.0","27.0","1.57"
"28/01/2025","14:00","0.0","0.0","0.0","2.0","27.0","27.0","1.56"
"28/01/2025","13:45","0.0","0.0","0.0","2.0","27.0","27.0","1.55"
"28/01/2025","13:30","0.0","0.0","0.2","2.0","27.0","27.0","1.54"
"28/01/2025","13:15","Dado Nulo","0.0","0.2","2.0","27.0","27.0","999999.0"
"28/01/2025","13:00","Dado Nulo","0.0","0.2","2.0","27.0","27.0","999999.0"
"28/01/2025","12:45","Dado Nulo","0.0","0.2","2.0","27.0","27.0","999999.0"
"28/01/2025","12:30","0.0","0.0","0.2","2.0","27.0","27.0","1.5"
"28/01/2025","12:15","Dado Nulo","0.0","0.2","2.0","27.0","27.0","999999.0"
"28/01/2025","12:00","0.0","0.0","0.2","2.0","27.0","27.0","1.49"
"28/01/2025","11:45","0.0","0.0","0.2","2.0","27.0","27.0","1.49"
"28/01/2025","11:30","0.0","0.0","0.2","2.0","27.0","27.0","1.5"
"28/01/2025","11:15","0.0","0.0","0.2","2.0","27.0","27.0","1.51"
"28/01/2025","11:00","0.0","0.0","0.2","2.0","27.0","27.0","1.52"
"28/01/2025","10:45","Dado Nulo","0.0","0.2","2.0","27.0","27.0","999999.0"
"28/01/2025","10:30","0.0","0.2","0.2","2.0","27.0","27.0","1.54"
"28/01/2025","10:15","Dado Nulo","0.2","0.2","2.0","27.0","27.0","999999.0"
"28/01/2025","10:00","0.0","0.2","0.2","2.2","27.0","27.0","1.56"
"28/01/2025","09:45","0.2","0.2","0.2","2.2","27.0","27.0","1.57"
"28/01/2025","09:30","0.0","0.0","0.0","2.0","26.8","26.8","1.58"
"28/01/2025","09:15","0.0","0.0","0.0","2.0","26.8","26.8","1.57"
"28/01/2025","09:00","Dado Nulo","0.0","0.0","2.0","26.8","26.8","999999.0"
"28/01/2025","08:45","0.0","0.0","0.0","2.0","26.8","26.8","1.5"
"28/01/2025","08:30","0.0","0.0","0.0","2.0","26.8","26.8","1.45"
"28/01/2025","08:15","0.0","0.0","0.0","2.0","26.8","26.8","1.39"
"28/01/2025","08:00","0.0","0.0","0.0","2.0","26.8","26.8","1.34"
"28/01/2025","07:45","Dado Nulo","0.0","0.0","2.0","26.8","26.8","999999.0"
"28/01/2025","07:30","0.0","0.0","0.0","2.0","26.8","26.8","1.3"
"28/01/2025","07:15","Dado Nulo","0.0","0.0","2.0","26.8","26.8","999999.0"
"28/01/2025","07:00","0.0","0.0","0.0","2.0","26.8","26.8","1.29"
"28/01/2025","06:45","0.0","0.0","0.0","2.0","26.8","26.8","1.29"
"28/01/2025","06:30","0.0","0.0","0.0","2.0","26.8","26.8","1.29"
"28/01/2025","06:15","0.0","0.0","0.0","2.0","26.8","26.8","1.29"
"28/01/2025","06:00","0.0","0.0","0.0","2.0","26.8","26.8","1.29"
"28/01/2025","05:45","0.0","0.0","0.0","2.0","26.8","26.8","1.29"
"28/01/2025","05:30","0.0","0.0","0.0","2.0","26.8","26.8","1.3"
"28/01/2025","05:15","0.0","0.0","0.0","2.0","26.8","26.8","1.3"
"28/01/2025","05:00","0.0","0.0","0.0","2.0","26.8","26.8","1.31"
"28/01/2025","04:45","0.0","0.0","0.0","2.0","26.8","26.8","1.31"
"28/01/2025","04:30","0.0","0.0","0.0","2.0","26.8","26.8","1.33"
"28/01/2025","04:15","0.0","0.0","0.0","2.0","26.8","26.8","1.34"
"28/01/2025","04:00","0.0","0.0","0.0","2.0","26.8","26.8","1.36"
"28/01/2025","03:45","0.0","0.0","0.0","2.0","26.8","26.8","1.38"
"28/01/2025","03:30","0.0","0.0","0.0","2.0","26.8","26.8","1.4"
"28/01/2025","03:15","0.0","0.0","0.4","2.0","26.8","26.8","1.41"
"28/01/2025","03:00","0.0","0.0","1.8","2.0","26.8","26.8","1.4"
"28/01/2025","02:45","0.0","0.0","1.8","2.0","26.8","26.8","1.36"
"28/01/2025","02:30","0.0","0.0","1.8","2.0","26.8","26.8","1.31"
"28/01/2025","02:15","0.0","0.0","1.8","2.0","26.8","26.8","1.23"
"28/01/2025","02:00","0.0","0.0","1.8","2.0","26.8","26.8","1.16"
"28/01/2025","01:45","0.0","0.0","1.8","2.0","26.8","26.8","1.13"
"28/01/2025","01:30","0.0","0.0","1.8","2.0","26.8","26.8","1.13"
"28/01/2025","01:15","0.0","0.0","1.8","2.0","26.8","26.8","1.16"
"28/01/2025","01:00","0.0","0.0","1.8","2.0","26.8","26.8","1.2"
"28/01/2025","00:45","0.0","0.0","1.8","2.0","26.8","26.8","1.24"
"28/01/2025","00:30","0.0","0.0","1.8","2.0","26.8","26.8","1.28"
"28/01/2025","00:15","0.0","0.4","1.8","2.0","26.8","26.8","1.32"
"28/01/2025","00:00","0.0","1.8","1.8","2.0","26.8","26.8","1.34"
"27/01/2025","23:45","0.0","1.8","1.8","2.0","26.8","26.8","1.35"
"27/01/2025","23:30","0.4","1.8","1.8","2.0","26.8","26.8","1.35"
"27/01/2025","23:15","1.4","1.4","1.4","1.6","26.4","26.4","1.34"
"27/01/2025","23:00","Dado Nulo","0.0","0.0","0.2","25.0","25.0","999999.0"
"27/01/2025","22:45","0.0","0.0","0.0","0.2","25.0","25.0","1.34"
"27/01/2025","22:30","0.0","0.0","0.0","0.2","25.0","25.0","1.34"
"27/01/2025","22:15","0.0","0.0","0.0","0.2","25.0","25.0","1.35"
"27/01/2025","22:00","0.0","0.0","0.0","0.2","25.0","25.0","1.37"
"27/01/2025","21:45","Dado Nulo","0.0","0.0","0.2","25.0","25.0","999999.0"
"27/01/2025","21:30","0.0","0.0","0.0","0.2","25.0","25.0","1.41"
"27/01/2025","21:15","0.0","0.0","0.0","0.2","25.0","25.0","1.42"
"27/01/2025","21:00","0.0","0.0","0.0","0.2","25.0","25.0","1.41"
"27/01/2025","20:45","0.0","0.0","0.0","0.2","25.0","25.0","1.41"
"27/01/2025","20:30","0.0","0.0","0.0","0.2","25.0","25.0","1.41"
"27/01/2025","20:15","0.0","0.0","0.0","0.2","25.0","25.0","1.41"
"27/01/2025","20:00","0.0","0.0","0.0","0.2","25.0","25.0","1.41"
"27/01/2025","19:45","0.0","0.0","0.0","0.2","25.0","25.0","1.4"
"27/01/2025","19:30","0.0","0.0","0.0","0.2","25.0","25.0","1.4"
"27/01/2025","19:15","0.0","0.0","0.0","0.2","25.0","25.0","1.4"
"27/01/2025","19:00","0.0","0.0","0.0","0.2","25.0","25.0","1.4"
"27/01/2025","18:45","0.0","0.0","0.0","0.2","25.0","25.0","1.4"
"27/01/2025","18:30","0.0","0.0","0.0","0.2","25.0","25.0","1.4"
"27/01/2025","18:15","Dado Nulo","0.0","0.0","0.2","25.0","25.0","999999.0"
"27/01/2025","18:00","0.0","0.0","0.0","0.6","25.0","25.0","1.4"
"27/01/2025","17:45","0.0","0.0","0.0","1.8","25.0","25.0","1.4"
"27/01/2025","17:30","Dado Nulo","0.0","0.0","12.2","25.0","25.0","999999.0"
"27/01/2025","17:15","Dado Nulo","0.0","0.0","25.0","25.0","25.0","999999.0"
"27/01/2025","17:00","0.0","0.0","0.0","25.0","25.0","25.0","1.39"
"27/01/2025","16:45","0.0","0.0","0.0","25.0","25.0","25.0","1.39"
"27/01/2025","16:30","0.0","0.0","0.0","25.0","25.0","25.0","1.38"
"27/01/2025","16:15","0.0","0.0","0.0","25.0","25.0","25.0","1.38"
"27/01/2025","16:00","0.0","0.0","0.0","25.0","25.0","25.0","1.37"
"27/01/2025","15:45","0.0","0.0","0.0","25.0","25.0","25.0","1.36"
"27/01/2025","15:30","0.0","0.0","0.0","25.0","25.0","25.0","1.36"
"27/01/2025","15:15","Dado Nulo","0.0","0.0","25.0","25.0","25.0","999999.0"
"27/01/2025","15:00","0.0","0.0","0.0","25.0","25.0","25.0","1.35"
"27/01/2025","14:45","0.0","0.0","0.0","25.0","25.0","25.0","1.35"
"27/01/2025","14:30","0.0","0.0","0.0","25.0","25.0","25.0","1.35"
"27/01/2025","14:15","0.0","0.0","0.0","25.0","25.0","25.0","1.35"
"27/01/2025","14:00","0.0","0.0","0.2","25.0","25.0","25.0","1.35"
"27/01/2025","13:45","0.0","0.0","0.2","25.0","25.0","25.0","1.34"
"27/01/2025","13:30","0.0","0.0","0.2","25.0","25.0","25.0","1.34"
"27/01/2025","13:15","0.0","0.0","0.2","25.0","25.0","25.0","1.34"
"27/01/2025","13:00","0.0","0.0","0.2","25.0","25.0","25.0","1.34"
"27/01/2025","12:45","Dado Nulo","0.0","0.2","25.0","25.0","25.0","999999.0"
"27/01/2025","12:30","0.0","0.0","0.2","25.0","25.0","25.0","1.34"
"27/01/2025","12:15","Dado Nulo","0.0","0.2","25.0","25.0","25.0","999999.0"
"27/01/2025","12:00","0.0","0.0","0.2","25.0","25.0","25.0","1.34"
"27/01/2025","11:45","Dado Nulo","0.0","0.2","25.0","25.0","25.0","999999.0"
"27/01/2025","11:30","0.0","0.0","0.2","25.0","25.0","25.0","1.33"
"27/01/2025","11:15","0.0","0.0","0.2","25.0","25.0","25.0","1.33"
"27/01/2025","11:00","0.0","0.2","0.2","25.0","25.0","25.0","1.33"
"27/01/2025","10:45","0.0","0.2","0.2","25.0","25.0","25.0","1.34"
"27/01/2025","10:30","0.0","0.2","0.2","25.0","25.0","25.0","1.34"
"27/01/2025","10:15","0.2","0.2","0.2","25.0","25.0","25.0","1.34"
"27/01/2025","10:00","Dado Nulo","0.0","0.0","24.8","24.8","24.8","999999.0"
"27/01/2025","09:45","0.0","0.0","0.0","24.8","24.8","24.8","1.35"
"27/01/2025","09:30","0.0","0.0","0.0","24.8","24.8","24.8","1.35"
"27/01/2025","09:15","0.0","0.0","0.0","24.8","24.8","24.8","1.35"
"27/01/2025","09:00","0.0","0.0","0.0","24.8","24.8","24.8","1.36"
"27/01/2025","08:45","0.0","0.0","0.0","24.8","24.8","24.8","1.36"
"27/01/2025","08:30","0.0","0.0","0.0","24.8","24.8","24.8","1.37"
"27/01/2025","08:15","0.0","0.0","0.0","24.8","24.8","24.8","1.38"
"27/01/2025","08:00","0.0","0.0","0.0","24.8","24.8","24.8","1.38"
"27/01/2025","07:45","0.0","0.0","0.0","24.8","24.8","24.8","1.39"
"27/01/2025","07:30","0.0","0.0","0.0","24.8","24.8","24.8","1.4"
"27/01/2025","07:15","0.0","0.0","0.0","24.8","24.8","24.8","1.41"
"27/01/2025","07:00","0.0","0.0","0.0","24.8","24.8","24.8","1.41"
"27/01/2025","06:45","0.0","0.0","0.0","24.8","24.8","24.8","1.41"
"27/01/2025","06:30","0.0","0.0","0.0","24.8","24.8","24.8","1.41"
"27/01/2025","06:15","0.0","0.0","0.0","24.8","24.8","24.8","1.41"
"27/01/2025","06:00","Dado Nulo","0.0","0.0","24.8","24.8","24.8","999999.0"
"27/01/2025","05:45","0.0","0.0","0.0","24.8","24.8","24.8","1.4"
"27/01/2025","05:30","0.0","0.0","0.0","24.8","24.8","24.8","1.4"
"27/01/2025","05:15","0.0","0.0","0.0","24.8","24.8","24.8","1.4"
"27/01/2025","05:00","0.0","0.0","0.0","24.8","24.8","24.8","1.4"
"27/01/2025","04:45","0.0","0.0","0.0","24.8","24.8","24.8","1.39"
"27/01/2025","04:30","0.0","0.0","0.0","24.8","24.8","24.8","1.39"
"27/01/2025","04:15","0.0","0.0","0.0","24.8","24.8","24.8","1.39"
"27/01/2025","04:00","0.0","0.0","0.0","24.8","24.8","24.8","1.39"
"27/01/2025","03:45","0.0","0.0","0.0","24.8","24.8","24.8","1.39"
"27/01/2025","03:30","0.0","0.0","0.0","24.8","24.8","24.8","1.39"
"27/01/2025","03:15","0.0","0.0","0.0","24.8","24.8","24.8","1.39"
"27/01/2025","03:00","0.0","0.0","0.0","24.8","24.8","24.8","1.39"
"27/01/2025","02:45","Dado Nulo","0.0","0.0","24.8","24.8","24.8","999999.0"
"27/01/2025","02:30","0.0","0.0","0.0","24.8","24.8","24.8","1.38"
"27/01/2025","02:15","0.0","0.0","0.0","24.8","24.8","24.8","1.38"
"27/01/2025","02:00","0.0","0.0","0.0","24.8","24.8","24.8","1.38"
"27/01/2025","01:45","0.0","0.0","0.0","24.8","24.8","24.8","1.39"
"27/01/2025","01:30","0.0","0.0","0.0","24.8","24.8","24.8","1.39"
"27/01/2025","01:15","0.0","0.0","0.0","24.8","24.8","24.8","1.39"
"27/01/2025","01:00","0.0","0.0","0.0","24.8","24.8","24.8","1.4"
"27/01/2025","00:45","0.0","0.0","0.0","24.8","24.8","24.8","1.41"
"27/01/2025","00:30","0.0","0.0","0.0","24.8","24.8","24.8","1.41"
"27/01/2025","00:15","0.0","0.0","0.0","24.8","24.8","24.8","1.42"
"27/01/2025","00:00","0.0","0.0","0.0","24.8","24.8","24.8","1.41"
"26/01/2025","23:45","0.0","0.0","0.0","24.8","24.8","24.8","1.41"
"26/01/2025","23:30","0.0","0.0","0.0","24.8","24.8","24.8","1.4"
"26/01/2025","23:15","Dado Nulo","0.0","0.0","24.8","24.8","24.8","999999.0"
"26/01/2025","23:00","0.0","0.0","0.0","24.8","24.8","24.8","1.41"
"26/01/2025","22:45","0.0","0.0","0.0","24.8","24.8","24.8","1.42"
"26/01/2025","22:30","0.0","0.0","0.0","24.8","24.8","24.8","1.43"
"26/01/2025","22:15","0.0","0.0","0.0","24.8","24.8","24.8","1.46"
"26/01/2025","22:00","0.0","0.0","0.4","24.8","24.8","24.8","1.48"
"26/01/2025","21:45","0.0","0.0","1.6","24.8","24.8","24.8","1.48"
"26/01/2025","21:30","0.0","0.0","12.0","24.8","24.8","24.8","1.47"
"26/01/2025","21:15","0.0","0.0","24.8","24.8","24.8","24.8","1.45"
"26/01/2025","21:00","0.0","0.0","24.8","24.8","24.8","24.8","1.44"
"26/01/2025","20:45","0.0","0.0","24.8","24.8","24.8","24.8","1.42"
"26/01/2025","20:30","0.0","0.0","24.8","24.8","24.8","24.8","1.4"
"26/01/2025","20:15","0.0","0.0","24.8","24.8","24.8","24.8","1.39"
"26/01/2025","20:00","0.0","0.0","24.8","24.8","24.8","24.8","1.38"
"26/01/2025","19:45","0.0","0.0","24.8","24.8","24.8","24.8","1.38"
"26/01/2025","19:30","0.0","0.0","24.8","24.8","24.8","24.8","1.39"
"26/01/2025","19:15","0.0","0.0","24.8","24.8","24.8","24.8","1.41"
"26/01/2025","19:00","0.0","0.4","24.8","24.8","24.8","24.8","1.43"
"26/01/2025","18:45","0.0","1.6","24.8","24.8","24.8","24.8","1.46"
"26/01/2025","18:30","0.0","12.0","24.8","24.8","24.8","24.8","1.48"
"26/01/2025","18:15","0.4","24.8","24.8","24.8","24.8","24.8","1.51"
"26/01/2025","18:00","1.2","24.4","24.4","24.4","24.4","24.4","1.53"
"26/01/2025","17:45","10.4","23.2","23.2","23.2","23.2","23.2","1.53"
"26/01/2025","17:30","12.8","12.8","12.8","12.8","12.8","12.8","1.47"
"26/01/2025","17:15","0.0","0.0","0.0","0.0","0.0","0.0","1.46"
"26/01/2025","17:00","0.0","0.0","0.0","0.0","0.0","0.0","1.44"
"26/01/2025","16:45","0.0","0.0","0.0","0.0","0.0","0.0","1.42"
"26/01/2025","16:30","0.0","0.0","0.0","0.0","0.0","0.0","1.39"
"26/01/2025","16:15","0.0","0.0","0.0","0.0","0.0","0.0","1.36"
"26/01/2025","16:00","Dado Nulo","0.0","0.0","0.0","0.0","0.0","999999.0"
"26/01/2025","15:45","0.0","0.0","0.0","0.0","0.0","0.0","1.32"
"26/01/2025","15:30","0.0","0.0","0.0","0.0","0.0","0.0","1.31"
"26/01/2025","15:15","0.0","0.0","0.0","0.0","0.0","0.0","1.33"
"26/01/2025","15:00","0.0","0.0","0.0","0.0","0.0","0.0","1.36"
"26/01/2025","14:45","0.0","0.0","0.0","0.0","0.0","0.0","1.4"
"26/01/2025","14:30","0.0","0.0","0.0","0.0","0.0","0.0","1.42"
"26/01/2025","14:15","Dado Nulo","0.0","0.0","0.0","0.0","0.0","999999.0"
"26/01/2025","14:00","0.0","0.0","0.0","0.0","0.0","0.0","1.43"
"26/01/2025","13:45","0.0","0.0","0.0","0.0","0.0","0.0","1.43"
"26/01/2025","13:30","0.0","0.0","0.0","0.0","0.0","0.0","1.42"
"26/01/2025","13:15","0.0","0.0","0.0","0.0","0.0","0.0","1.42"
"26/01/2025","13:00","0.0","0.0","0.0","0.0","0.0","0.0","1.42"
"26/01/2025","12:45","0.0","0.0","0.0","0.0","0.0","0.0","1.41"
"26/01/2025","12:30","0.0","0.0","0.0","0.0","0.0","0.0","1.41"
"26/01/2025","12:15","0.0","0.0","0.0","0.0","0.0","0.0","1.41"
"26/01/2025","12:00","0.0","0.0","0.0","0.0","0.0","0.0","1.41"
"26/01/2025","11:45","0.0","0.0","0.0","0.0","0.0","0.0","1.41"
"26/01/2025","11:30","0.0","0.0","0.0","0.0","0.0","0.0","1.4"
"26/01/2025","11:15","0.0","0.0","0.0","0.0","0.0","0.0","1.4"
"26/01/2025","11:00","0.0","0.0","0.0","0.0","0.0","0.0","1.4"
"26/01/2025","10:45","0.0","0.0","0.0","0.0","0.0","0.0","1.4"
"26/01/2025","10:30","0.0","0.0","0.0","0.0","0.0","0.0","1.4"
"26/01/2025","10:15","0.0","0.0","0.0","0.0","0.0","0.0","1.4"
"26/01/2025","10:00","0.0","0.0","0.0","0.0","0.0","0.0","1.4"
"26/01/2025","09:45","0.0","0.0","0.0","0.0","0.0","0.0","1.4"
"26/01/2025","09:30","0.0","0.0","0.0","0.0","0.0","0.0","1.4"
"26/01/2025","09:15","0.0","0.0","0.0","0.0","0.0","0.0","1.4"
"26/01/2025","09:00","0.0","0.0","0.0","0.0","0.0","0.0","1.4"
"26/01/2025","08:45","0.0","0.0","0.0","0.0","0.0","0.0","1.4"
"26/01/2025","08:30","0.0","0.0","0.0","0.0","0.0","0.0","1.39"
"26/01/2025","08:15","0.0","0.0","0.0","0.0","0.0","0.0","1.39"
"26/01/2025","08:00","Dado Nulo","0.0","0.0","0.0","0.0","0.0","999999.0"
"26/01/2025","07:45","0.0","0.0","0.0","0.0","0.0","0.0","1.4"
"26/01/2025","07:30","0.0","0.0","0.0","0.0","0.0","0.0","1.41"
"26/01/2025","07:15","0.0","0.0","0.0","0.0","0.0","0.0","1.41"
"26/01/2025","07:00","0.0","0.0","0.0","0.0","0.0","0.0","1.42"
"26/01/2025","06:45","0.0","0.0","0.0","0.0","0.0","0.0","1.43"
"26/01/2025","06:30","0.0","0.0","0.0","0.0","0.0","0.0","1.44"
"26/01/2025","06:15","0.0","0.0","0.0","0.0","0.0","0.0","1.45"
"26/01/2025","06:00","0.0","0.0","0.0","0.0","0.0","0.0","1.46"
"26/01/2025","05:45","0.0","0.0","0.0","0.0","0.0","0.0","1.47"
"26/01/2025","05:30","0.0","0.0","0.0","0.0","0.0","0.0","1.47"
"26/01/2025","05:15","0.0","0.0","0.0","0.0","0.0","0.0","1.47"
"26/01/2025","05:00","0.0","0.0","0.0","0.0","0.0","0.0","1.47"
"26/01/2025","04:45","0.0","0.0","0.0","0.0","0.0","0.0","1.47"
"26/01/2025","04:30","0.0","0.0","0.0","0.0","0.0","0.0","1.48"
"26/01/2025","04:15","0.0","0.0","0.0","0.0","0.0","0.0","1.48"
"26/01/2025","04:00","0.0","0.0","0.0","0.0","0.0","0.0","1.48"
"26/01/2025","03:45","0.0","0.0","0.0","0.0","0.0","0.0","1.48"
"26/01/2025","03:30","0.0","0.0","0.0","0.0","0.0","0.0","1.49"
"26/01/2025","03:15","0.0","0.0","0.0","0.0","0.0","0.0","1.48"
"26/01/2025","03:00","0.0","0.0","0.0","0.0","0.0","0.0","1.48"
"26/01/2025","02:45","0.0","0.0","0.0","0.0","0.0","0.0","1.48"
"26/01/2025","02:30","0.0","0.0","0.0","0.0","0.0","0.0","1.47"
"26/01/2025","02:15","0.0","0.0","0.0","0.0","0.0","0.0","1.47"
"26/01/2025","02:00","Dado Nulo","0.0","0.0","0.0","0.0","0.0","999999.0"
"26/01/2025","01:45","0.0","0.0","0.0","0.0","0.0","0.0","1.44"
"26/01/2025","01:30","0.0","0.0","0.0","0.0","0.0","0.0","1.43"
"26/01/2025","01:15","0.0","0.0","0.0","0.0","0.0","0.0","1.42"
"26/01/2025","01:00","0.0","0.0","0.0","0.0","0.0","0.0","1.42"
"26/01/2025","00:45","0.0","0.0","0.0","0.0","0.0","0.0","1.43"
"26/01/2025","00:30","0.0","0.0","0.0","0.0","0.0","0.0","1.44"
"26/01/2025","00:15","0.0","0.0","0.0","0.0","0.0","0.0","1.45"
"26/01/2025","00:00","0.0","0.0","0.0","0.0","0.0","0.0","1.46"
"25/01/2025","23:45","0.0","0.0","0.0","0.0","0.0","0.0","1.46"
"25/01/2025","23:30","0.0","0.0","0.0","0.0","0.0","0.0","1.45"
"25/01/2025","23:15","0.0","0.0","0.0","0.0","0.0","0.0","1.43"
"25/01/2025","23:00","0.0","0.0","0.0","0.0","0.0","0.0","1.4"
"25/01/2025","22:45","0.0","0.0","0.0","0.0","0.0","0.0","1.38"
"25/01/2025","22:30","0.0","0.0","0.0","0.0","0.0","0.0","1.39"
"25/01/2025","22:15","0.0","0.0","0.0","0.0","0.0","0.0","1.42"
"25/01/2025","22:00","0.0","0.0","0.0","0.0","0.0","0.0","1.46"
"25/01/2025","21:45","0.0","0.0","0.0","0.0","0.0","0.0","1.5"
"25/01/2025","21:30","0.0","0.0","0.0","0.0","0.0","0.0","1.52"
"25/01/2025","21:15","Dado Nulo","0.0","0.0","0.0","0.0","0.0","1.52"
"","","","","","","","",""
"","","","","","","","",""
"","","","","","","","",""
"","","","","","","","",""
"","","","","","","","",""
"","","","","","","","",""
"","","","","","","","",""
"","","","","","","","",""
"","","","","","","","",""
"","","","","","","","",""
